season,date,team,opponent,competition,venue,home_team,away_team,raw_result,source,opponent_key,competition_key,appeared,match_status,canonical_match_id,evidence
2018-19,2018-08-18,Juventus,Chievo,Serie A,A,Chievo,Juventus,2-3,https://en.wikipedia.org/wiki/2018%E2%80%9319_Juventus_FC_season,chievo,serie a,1,appeared_exact,2018-08-18_Juventus_Chievo_916,canonical_appearance_history
2018-19,2018-08-25,Juventus,Lazio,Serie A,H,Juventus,Lazio,2-0,https://en.wikipedia.org/wiki/2018%E2%80%9319_Juventus_FC_season,lazio,serie a,1,appeared_exact,2018-08-25_Juventus_Lazio_917,canonical_appearance_history
2018-19,2018-09-01,Juventus,Parma,Serie A,A,Parma,Juventus,1-2,https://en.wikipedia.org/wiki/2018%E2%80%9319_Juventus_FC_season,parma,serie a,1,appeared_exact,2018-09-01_Juventus_Parma_918,canonical_appearance_history
2018-19,2018-09-16,Juventus,Sassuolo,Serie A,H,Juventus,Sassuolo,2-1,https://en.wikipedia.org/wiki/2018%E2%80%9319_Juventus_FC_season,sassuolo,serie a,1,appeared_exact,2018-09-16_Juventus_Sassuolo_919,canonical_appearance_history
2018-19,2018-09-19,Juventus,Valencia,Champions League,A,Valencia,Juventus,0-2,https://en.wikipedia.org/wiki/2018%E2%80%9319_Juventus_FC_season,valencia,champions league,1,appeared_exact,2018-09-19_Juventus_Valencia_920,canonical_appearance_history
2018-19,2018-09-23,Juventus,Frosinone,Serie A,A,Frosinone,Juventus,0-2,https://en.wikipedia.org/wiki/2018%E2%80%9319_Juventus_FC_season,frosinone,serie a,1,appeared_exact,2018-09-23_Juventus_Frosinone_921,canonical_appearance_history
2018-19,2018-09-26,Juventus,Bologna,Serie A,H,Juventus,Bologna,2-0,https://en.wikipedia.org/wiki/2018%E2%80%9319_Juventus_FC_season,bologna,serie a,1,appeared_exact,2018-09-26_Juventus_Bologna_922,canonical_appearance_history
2018-19,2018-09-29,Juventus,Napoli,Serie A,H,Juventus,Napoli,3-1,https://en.wikipedia.org/wiki/2018%E2%80%9319_Juventus_FC_season,napoli,serie a,1,appeared_exact,2018-09-29_Juventus_Napoli_923,canonical_appearance_history
2018-19,2018-10-06,Juventus,Udinese,Serie A,A,Udinese,Juventus,0-2,https://en.wikipedia.org/wiki/2018%E2%80%9319_Juventus_FC_season,udinese,serie a,1,appeared_exact,2018-10-06_Juventus_Udinese_924,canonical_appearance_history
2018-19,2018-10-20,Juventus,Genoa,Serie A,H,Juventus,Genoa,1-1,https://en.wikipedia.org/wiki/2018%E2%80%9319_Juventus_FC_season,genoa,serie a,1,appeared_exact,2018-10-20_Juventus_Genoa_925,canonical_appearance_history
2018-19,2018-10-23,Juventus,Manchester United,Champions League,A,Manchester United,Juventus,0-1,https://en.wikipedia.org/wiki/2018%E2%80%9319_Juventus_FC_season,manchester united,champions league,1,appeared_exact,2018-10-23_Juventus_Manchester_United_926,canonical_appearance_history
2018-19,2018-10-27,Juventus,Empoli,Serie A,A,Empoli,Juventus,1-2,https://en.wikipedia.org/wiki/2018%E2%80%9319_Juventus_FC_season,empoli,serie a,1,appeared_exact,2018-10-27_Juventus_Empoli_927,canonical_appearance_history
2018-19,2018-11-03,Juventus,Cagliari,Serie A,H,Juventus,Cagliari,3-1,https://en.wikipedia.org/wiki/2018%E2%80%9319_Juventus_FC_season,cagliari,serie a,1,appeared_exact,2018-11-03_Juventus_Cagliari_928,canonical_appearance_history
2018-19,2018-11-07,Juventus,Manchester United,Champions League,H,Juventus,Manchester United,1-2,https://en.wikipedia.org/wiki/2018%E2%80%9319_Juventus_FC_season,manchester united,champions league,1,appeared_exact,2018-11-07_Juventus_Manchester_United_929,canonical_appearance_history
2018-19,2018-11-11,Juventus,AC Milan,Serie A,A,AC Milan,Juventus,0-2,https://en.wikipedia.org/wiki/2018%E2%80%9319_Juventus_FC_season,milan,serie a,1,appeared_exact,2018-11-11_Juventus_AC_Milan_930,canonical_appearance_history
2018-19,2018-11-24,Juventus,SPAL,Serie A,H,Juventus,SPAL,2-0,https://en.wikipedia.org/wiki/2018%E2%80%9319_Juventus_FC_season,spal,serie a,1,appeared_exact,2018-11-24_Juventus_Spal_931,canonical_appearance_history
2018-19,2018-11-27,Juventus,Valencia,Champions League,H,Juventus,Valencia,1-0,https://en.wikipedia.org/wiki/2018%E2%80%9319_Juventus_FC_season,valencia,champions league,1,appeared_exact,2018-11-27_Juventus_Valencia_932,canonical_appearance_history
2018-19,2018-12-01,Juventus,Fiorentina,Serie A,A,Fiorentina,Juventus,0-3,https://en.wikipedia.org/wiki/2018%E2%80%9319_Juventus_FC_season,fiorentina,serie a,1,appeared_exact,2018-12-01_Juventus_Fiorentina_933,canonical_appearance_history
2018-19,2018-12-07,Juventus,Internazionale,Serie A,H,Juventus,Internazionale,1-0,https://en.wikipedia.org/wiki/2018%E2%80%9319_Juventus_FC_season,internazionale,serie a,1,appeared_exact,2018-12-07_Juventus_Inter_Milan_934,canonical_appearance_history
2018-19,2018-12-12,Juventus,Young Boys,Champions League,A,Young Boys,Juventus,2-1,https://en.wikipedia.org/wiki/2018%E2%80%9319_Juventus_FC_season,young boys,champions league,1,appeared_exact,2018-12-12_Juventus_BSC_Young_Boys_935,canonical_appearance_history
2018-19,2018-12-15,Juventus,Torino,Serie A,A,Torino,Juventus,0-1,https://en.wikipedia.org/wiki/2018%E2%80%9319_Juventus_FC_season,torino,serie a,1,appeared_exact,2018-12-15_Juventus_Torino_936,canonical_appearance_history
2018-19,2018-12-22,Juventus,Roma,Serie A,H,Juventus,Roma,1-0,https://en.wikipedia.org/wiki/2018%E2%80%9319_Juventus_FC_season,roma,serie a,1,appeared_exact,2018-12-22_Juventus_AS_Roma_937,canonical_appearance_history
2018-19,2018-12-26,Juventus,Atalanta,Serie A,A,Atalanta,Juventus,2-2,https://en.wikipedia.org/wiki/2018%E2%80%9319_Juventus_FC_season,atalanta,serie a,1,appeared_exact,2018-12-26_Juventus_Atalanta_938,canonical_appearance_history
2018-19,2018-12-29,Juventus,Sampdoria,Serie A,H,Juventus,Sampdoria,2-1,https://en.wikipedia.org/wiki/2018%E2%80%9319_Juventus_FC_season,sampdoria,serie a,1,appeared_exact,2018-12-29_Juventus_Sampdoria_939,canonical_appearance_history
2018-19,2019-01-12,Juventus,Bologna,Coppa Italia,A,Bologna,Juventus,0-2,https://en.wikipedia.org/wiki/2018%E2%80%9319_Juventus_FC_season,bologna,coppa italia,1,appeared_exact,2019-01-12_Juventus_Bologna_940,canonical_appearance_history
2018-19,2019-01-16,Juventus,AC Milan,Supercoppa Italiana,H,Juventus,AC Milan,1-0,https://en.wikipedia.org/wiki/2018%E2%80%9319_Juventus_FC_season,milan,supercoppa italiana,1,appeared_exact,2019-01-16_Juventus_AC_Milan_941,canonical_appearance_history
2018-19,2019-01-21,Juventus,Chievo,Serie A,H,Juventus,Chievo,3-0,https://en.wikipedia.org/wiki/2018%E2%80%9319_Juventus_FC_season,chievo,serie a,1,appeared_exact,2019-01-21_Juventus_Chievo_942,canonical_appearance_history
2018-19,2019-01-27,Juventus,Lazio,Serie A,A,Lazio,Juventus,1-2,https://en.wikipedia.org/wiki/2018%E2%80%9319_Juventus_FC_season,lazio,serie a,1,appeared_exact,2019-01-27_Juventus_Lazio_943,canonical_appearance_history
2018-19,2019-01-30,Juventus,Atalanta,Coppa Italia,A,Atalanta,Juventus,3-0,https://en.wikipedia.org/wiki/2018%E2%80%9319_Juventus_FC_season,atalanta,coppa italia,1,appeared_exact,2019-01-30_Juventus_Atalanta_944,canonical_appearance_history
2018-19,2019-02-02,Juventus,Parma,Serie A,H,Juventus,Parma,3-3,https://en.wikipedia.org/wiki/2018%E2%80%9319_Juventus_FC_season,parma,serie a,1,appeared_exact,2019-02-02_Juventus_Parma_945,canonical_appearance_history
2018-19,2019-02-10,Juventus,Sassuolo,Serie A,A,Sassuolo,Juventus,0-3,https://en.wikipedia.org/wiki/2018%E2%80%9319_Juventus_FC_season,sassuolo,serie a,1,appeared_exact,2019-02-10_Juventus_Sassuolo_946,canonical_appearance_history
2018-19,2019-02-15,Juventus,Frosinone,Serie A,H,Juventus,Frosinone,3-0,https://en.wikipedia.org/wiki/2018%E2%80%9319_Juventus_FC_season,frosinone,serie a,1,appeared_exact,2019-02-15_Juventus_Frosinone_947,canonical_appearance_history
2018-19,2019-02-20,Juventus,Atletico Madrid,Champions League,A,Atletico Madrid,Juventus,2-0,https://en.wikipedia.org/wiki/2018%E2%80%9319_Juventus_FC_season,atletico madrid,champions league,1,appeared_exact,2019-02-20_Juventus_Atletico_Madrid_948,canonical_appearance_history
2018-19,2019-02-24,Juventus,Bologna,Serie A,A,Bologna,Juventus,0-1,https://en.wikipedia.org/wiki/2018%E2%80%9319_Juventus_FC_season,bologna,serie a,1,appeared_exact,2019-02-24_Juventus_Bologna_949,canonical_appearance_history
2018-19,2019-03-03,Juventus,Napoli,Serie A,A,Napoli,Juventus,1-2,https://en.wikipedia.org/wiki/2018%E2%80%9319_Juventus_FC_season,napoli,serie a,1,appeared_exact,2019-03-03_Juventus_Napoli_950,canonical_appearance_history
2018-19,2019-03-08,Juventus,Udinese,Serie A,H,Juventus,Udinese,4-1,https://en.wikipedia.org/wiki/2018%E2%80%9319_Juventus_FC_season,udinese,serie a,0,did_not_appear,,complete_team_fixture_not_in_canonical_appearance_history
2018-19,2019-03-12,Juventus,Atletico Madrid,Champions League,H,Juventus,Atletico Madrid,3-0,https://en.wikipedia.org/wiki/2018%E2%80%9319_Juventus_FC_season,atletico madrid,champions league,1,appeared_exact,2019-03-12_Juventus_Atletico_Madrid_951,canonical_appearance_history
2018-19,2019-03-17,Juventus,Genoa,Serie A,A,Genoa,Juventus,2-0,https://en.wikipedia.org/wiki/2018%E2%80%9319_Juventus_FC_season,genoa,serie a,0,did_not_appear,,complete_team_fixture_not_in_canonical_appearance_history
2018-19,2019-03-30,Juventus,Empoli,Serie A,H,Juventus,Empoli,1-0,https://en.wikipedia.org/wiki/2018%E2%80%9319_Juventus_FC_season,empoli,serie a,0,did_not_appear,,complete_team_fixture_not_in_canonical_appearance_history
2018-19,2019-04-02,Juventus,Cagliari,Serie A,A,Cagliari,Juventus,0-2,https://en.wikipedia.org/wiki/2018%E2%80%9319_Juventus_FC_season,cagliari,serie a,0,did_not_appear,,complete_team_fixture_not_in_canonical_appearance_history
2018-19,2019-04-06,Juventus,AC Milan,Serie A,H,Juventus,AC Milan,2-1,https://en.wikipedia.org/wiki/2018%E2%80%9319_Juventus_FC_season,milan,serie a,0,did_not_appear,,complete_team_fixture_not_in_canonical_appearance_history
2018-19,2019-04-10,Juventus,Ajax,Champions League,A,Ajax,Juventus,1-1,https://en.wikipedia.org/wiki/2018%E2%80%9319_Juventus_FC_season,ajax,champions league,1,appeared_exact,2019-04-10_Juventus_Ajax_954,canonical_appearance_history
2018-19,2019-04-13,Juventus,SPAL,Serie A,A,SPAL,Juventus,2-1,https://en.wikipedia.org/wiki/2018%E2%80%9319_Juventus_FC_season,spal,serie a,0,did_not_appear,,complete_team_fixture_not_in_canonical_appearance_history
2018-19,2019-04-16,Juventus,Ajax,Champions League,H,Juventus,Ajax,1-2,https://en.wikipedia.org/wiki/2018%E2%80%9319_Juventus_FC_season,ajax,champions league,1,appeared_exact,2019-04-16_Juventus_Ajax_955,canonical_appearance_history
2018-19,2019-04-20,Juventus,Fiorentina,Serie A,H,Juventus,Fiorentina,2-1,https://en.wikipedia.org/wiki/2018%E2%80%9319_Juventus_FC_season,fiorentina,serie a,1,appeared_exact,2019-04-20_Juventus_Fiorentina_956,canonical_appearance_history
2018-19,2019-04-27,Juventus,Internazionale,Serie A,A,Internazionale,Juventus,1-1,https://en.wikipedia.org/wiki/2018%E2%80%9319_Juventus_FC_season,internazionale,serie a,1,appeared_exact,2019-04-27_Juventus_Inter_Milan_957,canonical_appearance_history
2018-19,2019-05-03,Juventus,Torino,Serie A,H,Juventus,Torino,1-1,https://en.wikipedia.org/wiki/2018%E2%80%9319_Juventus_FC_season,torino,serie a,1,appeared_exact,2019-05-03_Juventus_Torino_958,canonical_appearance_history
2018-19,2019-05-12,Juventus,Roma,Serie A,A,Roma,Juventus,2-0,https://en.wikipedia.org/wiki/2018%E2%80%9319_Juventus_FC_season,roma,serie a,1,appeared_exact,2019-05-12_Juventus_AS_Roma_959,canonical_appearance_history
2018-19,2019-05-19,Juventus,Atalanta,Serie A,H,Juventus,Atalanta,1-1,https://en.wikipedia.org/wiki/2018%E2%80%9319_Juventus_FC_season,atalanta,serie a,1,appeared_exact,2019-05-19_Juventus_Atalanta_960,canonical_appearance_history
2018-19,2019-05-26,Juventus,Sampdoria,Serie A,A,Sampdoria,Juventus,2-0,https://en.wikipedia.org/wiki/2018%E2%80%9319_Juventus_FC_season,sampdoria,serie a,0,did_not_appear,,complete_team_fixture_not_in_canonical_appearance_history
2019-20,2019-08-24,Juventus,Parma,Serie A,A,Parma,Juventus,0-1,https://en.wikipedia.org/wiki/2019%E2%80%9320_Juventus_FC_season,parma,serie a,1,appeared_exact,2019-08-24_Juventus_Parma_963,canonical_appearance_history
2019-20,2019-08-31,Juventus,Napoli,Serie A,H,Juventus,Napoli,4-3,https://en.wikipedia.org/wiki/2019%E2%80%9320_Juventus_FC_season,napoli,serie a,1,appeared_exact,2019-08-31_Juventus_Napoli_964,canonical_appearance_history
2019-20,2019-09-14,Juventus,Fiorentina,Serie A,A,Fiorentina,Juventus,0-0,https://en.wikipedia.org/wiki/2019%E2%80%9320_Juventus_FC_season,fiorentina,serie a,1,appeared_exact,2019-09-14_Juventus_Fiorentina_967,canonical_appearance_history
2019-20,2019-09-18,Juventus,Atletico Madrid,Champions League,A,Atletico Madrid,Juventus,2-2,https://en.wikipedia.org/wiki/2019%E2%80%9320_Juventus_FC_season,atletico madrid,champions league,1,appeared_exact,2019-09-18_Juventus_Atletico_Madrid_968,canonical_appearance_history
2019-20,2019-09-21,Juventus,Hellas Verona,Serie A,H,Juventus,Hellas Verona,2-1,https://en.wikipedia.org/wiki/2019%E2%80%9320_Juventus_FC_season,verona,serie a,1,appeared_exact,2019-09-21_Juventus_Verona_969,canonical_appearance_history
2019-20,2019-09-24,Juventus,Brescia,Serie A,A,Brescia,Juventus,1-2,https://en.wikipedia.org/wiki/2019%E2%80%9320_Juventus_FC_season,brescia,serie a,0,did_not_appear,,complete_team_fixture_not_in_canonical_appearance_history
2019-20,2019-09-28,Juventus,SPAL,Serie A,H,Juventus,SPAL,2-0,https://en.wikipedia.org/wiki/2019%E2%80%9320_Juventus_FC_season,spal,serie a,1,appeared_exact,2019-09-28_Juventus_Spal_970,canonical_appearance_history
2019-20,2019-10-01,Juventus,Bayer Leverkusen,Champions League,H,Juventus,Bayer Leverkusen,3-0,https://en.wikipedia.org/wiki/2019%E2%80%9320_Juventus_FC_season,bayer leverkusen,champions league,1,appeared_exact,2019-10-01_Juventus_Bayer_Leverkusen_971,canonical_appearance_history
2019-20,2019-10-06,Juventus,Internazionale,Serie A,A,Internazionale,Juventus,1-2,https://en.wikipedia.org/wiki/2019%E2%80%9320_Juventus_FC_season,internazionale,serie a,1,appeared_exact,2019-10-06_Juventus_Inter_Milan_972,canonical_appearance_history
2019-20,2019-10-19,Juventus,Bologna,Serie A,H,Juventus,Bologna,2-1,https://en.wikipedia.org/wiki/2019%E2%80%9320_Juventus_FC_season,bologna,serie a,1,appeared_exact,2019-10-19_Juventus_Bologna_975,canonical_appearance_history
2019-20,2019-10-22,Juventus,Lokomotiv Moscow,Champions League,H,Juventus,Lokomotiv Moscow,2-1,https://en.wikipedia.org/wiki/2019%E2%80%9320_Juventus_FC_season,lokomotiv moscow,champions league,1,appeared_exact,2019-10-22_Juventus_Lokomotiv_Moscow_976,canonical_appearance_history
2019-20,2019-10-26,Juventus,Lecce,Serie A,A,Lecce,Juventus,1-1,https://en.wikipedia.org/wiki/2019%E2%80%9320_Juventus_FC_season,lecce,serie a,0,did_not_appear,,complete_team_fixture_not_in_canonical_appearance_history
2019-20,2019-10-30,Juventus,Genoa,Serie A,H,Juventus,Genoa,2-1,https://en.wikipedia.org/wiki/2019%E2%80%9320_Juventus_FC_season,genoa,serie a,1,appeared_exact,2019-10-30_Juventus_Genoa_977,canonical_appearance_history
2019-20,2019-11-02,Juventus,Torino,Serie A,A,Torino,Juventus,0-1,https://en.wikipedia.org/wiki/2019%E2%80%9320_Juventus_FC_season,torino,serie a,1,appeared_exact,2019-11-02_Juventus_Torino_978,canonical_appearance_history
2019-20,2019-11-06,Juventus,Lokomotiv Moscow,Champions League,A,Lokomotiv Moscow,Juventus,1-2,https://en.wikipedia.org/wiki/2019%E2%80%9320_Juventus_FC_season,lokomotiv moscow,champions league,1,appeared_exact,2019-11-06_Juventus_Lokomotiv_Moscow_979,canonical_appearance_history
2019-20,2019-11-10,Juventus,AC Milan,Serie A,H,Juventus,AC Milan,1-0,https://en.wikipedia.org/wiki/2019%E2%80%9320_Juventus_FC_season,milan,serie a,1,appeared_exact,2019-11-10_Juventus_AC_Milan_980,canonical_appearance_history
2019-20,2019-11-23,Juventus,Atalanta,Serie A,A,Atalanta,Juventus,1-3,https://en.wikipedia.org/wiki/2019%E2%80%9320_Juventus_FC_season,atalanta,serie a,0,did_not_appear,,complete_team_fixture_not_in_canonical_appearance_history
2019-20,2019-11-26,Juventus,Atletico Madrid,Champions League,H,Juventus,Atletico Madrid,1-0,https://en.wikipedia.org/wiki/2019%E2%80%9320_Juventus_FC_season,atletico madrid,champions league,1,appeared_exact,2019-11-26_Juventus_Atletico_Madrid_983,canonical_appearance_history
2019-20,2019-12-01,Juventus,Sassuolo,Serie A,H,Juventus,Sassuolo,2-2,https://en.wikipedia.org/wiki/2019%E2%80%9320_Juventus_FC_season,sassuolo,serie a,1,appeared_exact,2019-12-01_Juventus_Sassuolo_984,canonical_appearance_history
2019-20,2019-12-07,Juventus,Lazio,Serie A,A,Lazio,Juventus,3-1,https://en.wikipedia.org/wiki/2019%E2%80%9320_Juventus_FC_season,lazio,serie a,1,appeared_exact,2019-12-07_Juventus_Lazio_985,canonical_appearance_history
2019-20,2019-12-11,Juventus,Bayer Leverkusen,Champions League,A,Bayer Leverkusen,Juventus,0-2,https://en.wikipedia.org/wiki/2019%E2%80%9320_Juventus_FC_season,bayer leverkusen,champions league,1,appeared_exact,2019-12-11_Juventus_Bayer_Leverkusen_986,canonical_appearance_history
2019-20,2019-12-15,Juventus,Udinese,Serie A,H,Juventus,Udinese,3-1,https://en.wikipedia.org/wiki/2019%E2%80%9320_Juventus_FC_season,udinese,serie a,1,appeared_exact,2019-12-15_Juventus_Udinese_987,canonical_appearance_history
2019-20,2019-12-18,Juventus,Sampdoria,Serie A,A,Sampdoria,Juventus,1-2,https://en.wikipedia.org/wiki/2019%E2%80%9320_Juventus_FC_season,sampdoria,serie a,1,appeared_exact,2019-12-18_Juventus_Sampdoria_988,canonical_appearance_history
2019-20,2019-12-22,Juventus,Lazio,Supercoppa Italiana,H,Juventus,Lazio,1-3,https://en.wikipedia.org/wiki/2019%E2%80%9320_Juventus_FC_season,lazio,supercoppa italiana,1,appeared_exact,2019-12-22_Juventus_Lazio_989,canonical_appearance_history
2019-20,2020-01-06,Juventus,Cagliari,Serie A,H,Juventus,Cagliari,4-0,https://en.wikipedia.org/wiki/2019%E2%80%9320_Juventus_FC_season,cagliari,serie a,1,appeared_exact,2020-01-06_Juventus_Cagliari_990,canonical_appearance_history
2019-20,2020-01-12,Juventus,Roma,Serie A,A,Roma,Juventus,1-2,https://en.wikipedia.org/wiki/2019%E2%80%9320_Juventus_FC_season,roma,serie a,1,appeared_exact,2020-01-12_Juventus_AS_Roma_991,canonical_appearance_history
2019-20,2020-01-15,Juventus,Udinese,Coppa Italia,H,Juventus,Udinese,4-0,https://en.wikipedia.org/wiki/2019%E2%80%9320_Juventus_FC_season,udinese,coppa italia,0,did_not_appear,,complete_team_fixture_not_in_canonical_appearance_history
2019-20,2020-01-19,Juventus,Parma,Serie A,H,Juventus,Parma,2-1,https://en.wikipedia.org/wiki/2019%E2%80%9320_Juventus_FC_season,parma,serie a,1,appeared_exact,2020-01-19_Juventus_Parma_992,canonical_appearance_history
2019-20,2020-01-22,Juventus,Roma,Coppa Italia,H,Juventus,Roma,3-1,https://en.wikipedia.org/wiki/2019%E2%80%9320_Juventus_FC_season,roma,coppa italia,1,appeared_exact,2020-01-22_Juventus_AS_Roma_993,canonical_appearance_history
2019-20,2020-01-26,Juventus,Napoli,Serie A,A,Napoli,Juventus,2-1,https://en.wikipedia.org/wiki/2019%E2%80%9320_Juventus_FC_season,napoli,serie a,1,appeared_exact,2020-01-26_Juventus_Napoli_994,canonical_appearance_history
2019-20,2020-02-02,Juventus,Fiorentina,Serie A,H,Juventus,Fiorentina,3-0,https://en.wikipedia.org/wiki/2019%E2%80%9320_Juventus_FC_season,fiorentina,serie a,1,appeared_exact,2020-02-02_Juventus_Fiorentina_995,canonical_appearance_history
2019-20,2020-02-08,Juventus,Hellas Verona,Serie A,A,Hellas Verona,Juventus,2-1,https://en.wikipedia.org/wiki/2019%E2%80%9320_Juventus_FC_season,verona,serie a,1,appeared_exact,2020-02-08_Juventus_Verona_996,canonical_appearance_history
2019-20,2020-02-13,Juventus,AC Milan,Coppa Italia,A,AC Milan,Juventus,1-1,https://en.wikipedia.org/wiki/2019%E2%80%9320_Juventus_FC_season,milan,coppa italia,1,appeared_exact,2020-02-13_Juventus_AC_Milan_997,canonical_appearance_history
2019-20,2020-02-16,Juventus,Brescia,Serie A,H,Juventus,Brescia,2-0,https://en.wikipedia.org/wiki/2019%E2%80%9320_Juventus_FC_season,brescia,serie a,0,did_not_appear,,complete_team_fixture_not_in_canonical_appearance_history
2019-20,2020-02-22,Juventus,SPAL,Serie A,A,SPAL,Juventus,1-2,https://en.wikipedia.org/wiki/2019%E2%80%9320_Juventus_FC_season,spal,serie a,1,appeared_exact,2020-02-22_Juventus_Spal_998,canonical_appearance_history
2019-20,2020-02-26,Juventus,Lyon,Champions League,A,Lyon,Juventus,1-0,https://en.wikipedia.org/wiki/2019%E2%80%9320_Juventus_FC_season,lyon,champions league,1,appeared_exact,2020-02-26_Juventus_Lyon_999,canonical_appearance_history
2019-20,2020-03-08,Juventus,Internazionale,Serie A,H,Juventus,Internazionale,2-0,https://en.wikipedia.org/wiki/2019%E2%80%9320_Juventus_FC_season,internazionale,serie a,1,appeared_exact,2020-03-08_Juventus_Inter_Milan_1000,canonical_appearance_history
2019-20,2020-06-12,Juventus,AC Milan,Coppa Italia,H,Juventus,AC Milan,0-0,https://en.wikipedia.org/wiki/2019%E2%80%9320_Juventus_FC_season,milan,coppa italia,1,appeared_exact,2020-06-12_Juventus_AC_Milan_1001,canonical_appearance_history
2019-20,2020-06-17,Juventus,Napoli,Coppa Italia,A,Napoli,Juventus,0-0,https://en.wikipedia.org/wiki/2019%E2%80%9320_Juventus_FC_season,napoli,coppa italia,1,appeared_exact,2020-06-17_Juventus_Napoli_1002,canonical_appearance_history
2019-20,2020-06-22,Juventus,Bologna,Serie A,A,Bologna,Juventus,0-2,https://en.wikipedia.org/wiki/2019%E2%80%9320_Juventus_FC_season,bologna,serie a,1,appeared_exact,2020-06-22_Juventus_Bologna_1003,canonical_appearance_history
2019-20,2020-06-26,Juventus,Lecce,Serie A,H,Juventus,Lecce,4-0,https://en.wikipedia.org/wiki/2019%E2%80%9320_Juventus_FC_season,lecce,serie a,1,appeared_exact,2020-06-26_Juventus_Lecce_1004,canonical_appearance_history
2019-20,2020-06-30,Juventus,Genoa,Serie A,A,Genoa,Juventus,1-3,https://en.wikipedia.org/wiki/2019%E2%80%9320_Juventus_FC_season,genoa,serie a,1,appeared_exact,2020-06-30_Juventus_Genoa_1005,canonical_appearance_history
2019-20,2020-07-04,Juventus,Torino,Serie A,H,Juventus,Torino,4-1,https://en.wikipedia.org/wiki/2019%E2%80%9320_Juventus_FC_season,torino,serie a,1,appeared_exact,2020-07-04_Juventus_Torino_1006,canonical_appearance_history
2019-20,2020-07-07,Juventus,AC Milan,Serie A,A,AC Milan,Juventus,4-2,https://en.wikipedia.org/wiki/2019%E2%80%9320_Juventus_FC_season,milan,serie a,1,appeared_exact,2020-07-07_Juventus_AC_Milan_1007,canonical_appearance_history
2019-20,2020-07-11,Juventus,Atalanta,Serie A,H,Juventus,Atalanta,2-2,https://en.wikipedia.org/wiki/2019%E2%80%9320_Juventus_FC_season,atalanta,serie a,1,appeared_exact,2020-07-11_Juventus_Atalanta_1008,canonical_appearance_history
2019-20,2020-07-15,Juventus,Sassuolo,Serie A,A,Sassuolo,Juventus,3-3,https://en.wikipedia.org/wiki/2019%E2%80%9320_Juventus_FC_season,sassuolo,serie a,1,appeared_exact,2020-07-15_Juventus_Sassuolo_1009,canonical_appearance_history
2019-20,2020-07-20,Juventus,Lazio,Serie A,H,Juventus,Lazio,2-1,https://en.wikipedia.org/wiki/2019%E2%80%9320_Juventus_FC_season,lazio,serie a,1,appeared_exact,2020-07-20_Juventus_Lazio_1010,canonical_appearance_history
2019-20,2020-07-23,Juventus,Udinese,Serie A,A,Udinese,Juventus,2-1,https://en.wikipedia.org/wiki/2019%E2%80%9320_Juventus_FC_season,udinese,serie a,1,appeared_exact,2020-07-23_Juventus_Udinese_1011,canonical_appearance_history
2019-20,2020-07-26,Juventus,Sampdoria,Serie A,H,Juventus,Sampdoria,2-0,https://en.wikipedia.org/wiki/2019%E2%80%9320_Juventus_FC_season,sampdoria,serie a,1,appeared_exact,2020-07-26_Juventus_Sampdoria_1012,canonical_appearance_history
2019-20,2020-07-29,Juventus,Cagliari,Serie A,A,Cagliari,Juventus,2-0,https://en.wikipedia.org/wiki/2019%E2%80%9320_Juventus_FC_season,cagliari,serie a,1,appeared_exact,2020-07-29_Juventus_Cagliari_1013,canonical_appearance_history
2019-20,2020-08-01,Juventus,Roma,Serie A,H,Juventus,Roma,1-3,https://en.wikipedia.org/wiki/2019%E2%80%9320_Juventus_FC_season,roma,serie a,0,did_not_appear,,complete_team_fixture_not_in_canonical_appearance_history
2019-20,2020-08-07,Juventus,Lyon,Champions League,H,Juventus,Lyon,2-1,https://en.wikipedia.org/wiki/2019%E2%80%9320_Juventus_FC_season,lyon,champions league,1,appeared_exact,2020-08-07_Juventus_Lyon_1014,canonical_appearance_history
2020-21,2020-09-20,Juventus,Sampdoria,Serie A,H,Juventus,Sampdoria,3-0,https://en.wikipedia.org/wiki/2020%E2%80%9321_Juventus_FC_season,sampdoria,serie a,1,appeared_exact,2020-09-20_Juventus_Sampdoria_1016,canonical_appearance_history
2020-21,2020-09-27,Juventus,Roma,Serie A,A,Roma,Juventus,2-2,https://en.wikipedia.org/wiki/2020%E2%80%9321_Juventus_FC_season,roma,serie a,1,appeared_exact,2020-09-27_Juventus_AS_Roma_1017,canonical_appearance_history
2020-21,2020-10-17,Juventus,Crotone,Serie A,A,Crotone,Juventus,1-1,https://en.wikipedia.org/wiki/2020%E2%80%9321_Juventus_FC_season,crotone,serie a,0,did_not_appear,,complete_team_fixture_not_in_canonical_appearance_history
2020-21,2020-10-20,Juventus,Dynamo Kyiv,Champions League,A,Dynamo Kyiv,Juventus,0-2,https://en.wikipedia.org/wiki/2020%E2%80%9321_Juventus_FC_season,dynamo kyiv,champions league,0,did_not_appear,,complete_team_fixture_not_in_canonical_appearance_history
2020-21,2020-10-25,Juventus,Hellas Verona,Serie A,H,Juventus,Hellas Verona,1-1,https://en.wikipedia.org/wiki/2020%E2%80%9321_Juventus_FC_season,verona,serie a,0,did_not_appear,,complete_team_fixture_not_in_canonical_appearance_history
2020-21,2020-10-28,Juventus,Barcelona,Champions League,H,Juventus,Barcelona,0-2,https://en.wikipedia.org/wiki/2020%E2%80%9321_Juventus_FC_season,barcelona,champions league,0,did_not_appear,,complete_team_fixture_not_in_canonical_appearance_history
2020-21,2020-11-01,Juventus,Spezia,Serie A,A,Spezia,Juventus,1-4,https://en.wikipedia.org/wiki/2020%E2%80%9321_Juventus_FC_season,spezia,serie a,1,appeared_exact,2020-11-01_Juventus_Spezia_1020,canonical_appearance_history
2020-21,2020-11-04,Juventus,Ferencvaros,Champions League,A,Ferencvaros,Juventus,1-4,https://en.wikipedia.org/wiki/2020%E2%80%9321_Juventus_FC_season,ferencvaros,champions league,1,appeared_exact,2020-11-04_Juventus_Ferencvarosi_TC_1021,canonical_appearance_history
2020-21,2020-11-08,Juventus,Lazio,Serie A,A,Lazio,Juventus,1-1,https://en.wikipedia.org/wiki/2020%E2%80%9321_Juventus_FC_season,lazio,serie a,1,appeared_exact,2020-11-08_Juventus_Lazio_1022,canonical_appearance_history
2020-21,2020-11-21,Juventus,Cagliari,Serie A,H,Juventus,Cagliari,2-0,https://en.wikipedia.org/wiki/2020%E2%80%9321_Juventus_FC_season,cagliari,serie a,1,appeared_exact,2020-11-21_Juventus_Cagliari_1026,canonical_appearance_history
2020-21,2020-11-24,Juventus,Ferencvaros,Champions League,H,Juventus,Ferencvaros,2-1,https://en.wikipedia.org/wiki/2020%E2%80%9321_Juventus_FC_season,ferencvaros,champions league,1,appeared_exact,2020-11-24_Juventus_Ferencvarosi_TC_1027,canonical_appearance_history
2020-21,2020-11-28,Juventus,Benevento,Serie A,A,Benevento,Juventus,1-1,https://en.wikipedia.org/wiki/2020%E2%80%9321_Juventus_FC_season,benevento,serie a,0,did_not_appear,,complete_team_fixture_not_in_canonical_appearance_history
2020-21,2020-12-02,Juventus,Dynamo Kyiv,Champions League,H,Juventus,Dynamo Kyiv,3-0,https://en.wikipedia.org/wiki/2020%E2%80%9321_Juventus_FC_season,dynamo kyiv,champions league,1,appeared_exact,2020-12-02_Juventus_Dynamo_Kyiv_1028,canonical_appearance_history
2020-21,2020-12-05,Juventus,Torino,Serie A,H,Juventus,Torino,2-1,https://en.wikipedia.org/wiki/2020%E2%80%9321_Juventus_FC_season,torino,serie a,1,appeared_exact,2020-12-05_Juventus_Torino_1029,canonical_appearance_history
2020-21,2020-12-08,Juventus,Barcelona,Champions League,A,Barcelona,Juventus,0-3,https://en.wikipedia.org/wiki/2020%E2%80%9321_Juventus_FC_season,barcelona,champions league,1,appeared_exact,2020-12-08_Juventus_Barcelona_1030,canonical_appearance_history
2020-21,2020-12-13,Juventus,Genoa,Serie A,A,Genoa,Juventus,1-3,https://en.wikipedia.org/wiki/2020%E2%80%9321_Juventus_FC_season,genoa,serie a,1,appeared_exact,2020-12-13_Juventus_Genoa_1031,canonical_appearance_history
2020-21,2020-12-16,Juventus,Atalanta,Serie A,H,Juventus,Atalanta,1-1,https://en.wikipedia.org/wiki/2020%E2%80%9321_Juventus_FC_season,atalanta,serie a,1,appeared_exact,2020-12-16_Juventus_Atalanta_1032,canonical_appearance_history
2020-21,2020-12-19,Juventus,Parma,Serie A,A,Parma,Juventus,0-4,https://en.wikipedia.org/wiki/2020%E2%80%9321_Juventus_FC_season,parma,serie a,1,appeared_exact,2020-12-19_Juventus_Parma_1033,canonical_appearance_history
2020-21,2020-12-22,Juventus,Fiorentina,Serie A,H,Juventus,Fiorentina,0-3,https://en.wikipedia.org/wiki/2020%E2%80%9321_Juventus_FC_season,fiorentina,serie a,1,appeared_exact,2020-12-22_Juventus_Fiorentina_1034,canonical_appearance_history
2020-21,2021-01-03,Juventus,Udinese,Serie A,H,Juventus,Udinese,4-1,https://en.wikipedia.org/wiki/2020%E2%80%9321_Juventus_FC_season,udinese,serie a,1,appeared_exact,2021-01-03_Juventus_Udinese_1035,canonical_appearance_history
2020-21,2021-01-06,Juventus,AC Milan,Serie A,A,AC Milan,Juventus,1-3,https://en.wikipedia.org/wiki/2020%E2%80%9321_Juventus_FC_season,milan,serie a,1,appeared_exact,2021-01-06_Juventus_AC_Milan_1036,canonical_appearance_history
2020-21,2021-01-10,Juventus,Sassuolo,Serie A,H,Juventus,Sassuolo,3-1,https://en.wikipedia.org/wiki/2020%E2%80%9321_Juventus_FC_season,sassuolo,serie a,1,appeared_exact,2021-01-10_Juventus_Sassuolo_1037,canonical_appearance_history
2020-21,2021-01-13,Juventus,Genoa,Coppa Italia,H,Juventus,Genoa,3-2,https://en.wikipedia.org/wiki/2020%E2%80%9321_Juventus_FC_season,genoa,coppa italia,1,appeared_exact,2021-01-13_Juventus_Genoa_1038,canonical_appearance_history
2020-21,2021-01-17,Juventus,Internazionale,Serie A,A,Internazionale,Juventus,2-0,https://en.wikipedia.org/wiki/2020%E2%80%9321_Juventus_FC_season,internazionale,serie a,1,appeared_exact,2021-01-17_Juventus_Inter_Milan_1039,canonical_appearance_history
2020-21,2021-01-20,Juventus,Napoli,Supercoppa Italiana,H,Juventus,Napoli,2-0,https://en.wikipedia.org/wiki/2020%E2%80%9321_Juventus_FC_season,napoli,supercoppa italiana,1,appeared_exact,2021-01-20_Juventus_Napoli_1040,canonical_appearance_history
2020-21,2021-01-24,Juventus,Bologna,Serie A,H,Juventus,Bologna,2-0,https://en.wikipedia.org/wiki/2020%E2%80%9321_Juventus_FC_season,bologna,serie a,1,appeared_exact,2021-01-24_Juventus_Bologna_1041,canonical_appearance_history
2020-21,2021-01-27,Juventus,SPAL,Coppa Italia,H,Juventus,SPAL,4-0,https://en.wikipedia.org/wiki/2020%E2%80%9321_Juventus_FC_season,spal,coppa italia,0,did_not_appear,,complete_team_fixture_not_in_canonical_appearance_history
2020-21,2021-01-30,Juventus,Sampdoria,Serie A,A,Sampdoria,Juventus,0-2,https://en.wikipedia.org/wiki/2020%E2%80%9321_Juventus_FC_season,sampdoria,serie a,1,appeared_exact,2021-01-30_Juventus_Sampdoria_1042,canonical_appearance_history
2020-21,2021-02-02,Juventus,Internazionale,Coppa Italia,A,Internazionale,Juventus,1-2,https://en.wikipedia.org/wiki/2020%E2%80%9321_Juventus_FC_season,internazionale,coppa italia,1,appeared_exact,2021-02-02_Juventus_Inter_Milan_1043,canonical_appearance_history
2020-21,2021-02-06,Juventus,Roma,Serie A,H,Juventus,Roma,2-0,https://en.wikipedia.org/wiki/2020%E2%80%9321_Juventus_FC_season,roma,serie a,1,appeared_exact,2021-02-06_Juventus_AS_Roma_1044,canonical_appearance_history
2020-21,2021-02-09,Juventus,Internazionale,Coppa Italia,H,Juventus,Internazionale,0-0,https://en.wikipedia.org/wiki/2020%E2%80%9321_Juventus_FC_season,internazionale,coppa italia,1,appeared_exact,2021-02-09_Juventus_Inter_Milan_1045,canonical_appearance_history
2020-21,2021-02-13,Juventus,Napoli,Serie A,A,Napoli,Juventus,1-0,https://en.wikipedia.org/wiki/2020%E2%80%9321_Juventus_FC_season,napoli,serie a,1,appeared_exact,2021-02-13_Juventus_Napoli_1046,canonical_appearance_history
2020-21,2021-02-17,Juventus,Porto,Champions League,A,Porto,Juventus,2-1,https://en.wikipedia.org/wiki/2020%E2%80%9321_Juventus_FC_season,porto,champions league,1,appeared_exact,2021-02-17_Juventus_FC_Porto_1047,canonical_appearance_history
2020-21,2021-02-22,Juventus,Crotone,Serie A,H,Juventus,Crotone,3-0,https://en.wikipedia.org/wiki/2020%E2%80%9321_Juventus_FC_season,crotone,serie a,1,appeared_exact,2021-02-22_Juventus_Crotone_1048,canonical_appearance_history
2020-21,2021-02-27,Juventus,Hellas Verona,Serie A,A,Hellas Verona,Juventus,1-1,https://en.wikipedia.org/wiki/2020%E2%80%9321_Juventus_FC_season,verona,serie a,1,appeared_exact,2021-02-27_Juventus_Verona_1049,canonical_appearance_history
2020-21,2021-03-02,Juventus,Spezia,Serie A,H,Juventus,Spezia,3-0,https://en.wikipedia.org/wiki/2020%E2%80%9321_Juventus_FC_season,spezia,serie a,1,appeared_exact,2021-03-02_Juventus_Spezia_1050,canonical_appearance_history
2020-21,2021-03-06,Juventus,Lazio,Serie A,H,Juventus,Lazio,3-1,https://en.wikipedia.org/wiki/2020%E2%80%9321_Juventus_FC_season,lazio,serie a,1,appeared_exact,2021-03-06_Juventus_Lazio_1051,canonical_appearance_history
2020-21,2021-03-09,Juventus,Porto,Champions League,H,Juventus,Porto,3-2,https://en.wikipedia.org/wiki/2020%E2%80%9321_Juventus_FC_season,porto,champions league,1,appeared_exact,2021-03-09_Juventus_FC_Porto_1052,canonical_appearance_history
2020-21,2021-03-14,Juventus,Cagliari,Serie A,A,Cagliari,Juventus,1-3,https://en.wikipedia.org/wiki/2020%E2%80%9321_Juventus_FC_season,cagliari,serie a,1,appeared_exact,2021-03-14_Juventus_Cagliari_1053,canonical_appearance_history
2020-21,2021-03-21,Juventus,Benevento,Serie A,H,Juventus,Benevento,0-1,https://en.wikipedia.org/wiki/2020%E2%80%9321_Juventus_FC_season,benevento,serie a,1,appeared_exact,2021-03-21_Juventus_Benevento_1054,canonical_appearance_history
2020-21,2021-04-03,Juventus,Torino,Serie A,A,Torino,Juventus,2-2,https://en.wikipedia.org/wiki/2020%E2%80%9321_Juventus_FC_season,torino,serie a,1,appeared_exact,2021-04-03_Juventus_Torino_1058,canonical_appearance_history
2020-21,2021-04-07,Juventus,Napoli,Serie A,H,Juventus,Napoli,2-1,https://en.wikipedia.org/wiki/2020%E2%80%9321_Juventus_FC_season,napoli,serie a,1,appeared_exact,2021-04-07_Juventus_Napoli_1059,canonical_appearance_history
2020-21,2021-04-11,Juventus,Genoa,Serie A,H,Juventus,Genoa,3-1,https://en.wikipedia.org/wiki/2020%E2%80%9321_Juventus_FC_season,genoa,serie a,1,appeared_exact,2021-04-11_Juventus_Genoa_1060,canonical_appearance_history
2020-21,2021-04-18,Juventus,Atalanta,Serie A,A,Atalanta,Juventus,1-0,https://en.wikipedia.org/wiki/2020%E2%80%9321_Juventus_FC_season,atalanta,serie a,0,did_not_appear,,complete_team_fixture_not_in_canonical_appearance_history
2020-21,2021-04-21,Juventus,Parma,Serie A,H,Juventus,Parma,3-1,https://en.wikipedia.org/wiki/2020%E2%80%9321_Juventus_FC_season,parma,serie a,1,appeared_exact,2021-04-21_Juventus_Parma_1061,canonical_appearance_history
2020-21,2021-04-25,Juventus,Fiorentina,Serie A,A,Fiorentina,Juventus,1-1,https://en.wikipedia.org/wiki/2020%E2%80%9321_Juventus_FC_season,fiorentina,serie a,1,appeared_exact,2021-04-25_Juventus_Fiorentina_1062,canonical_appearance_history
2020-21,2021-05-02,Juventus,Udinese,Serie A,A,Udinese,Juventus,1-2,https://en.wikipedia.org/wiki/2020%E2%80%9321_Juventus_FC_season,udinese,serie a,1,appeared_exact,2021-05-02_Juventus_Udinese_1063,canonical_appearance_history
2020-21,2021-05-09,Juventus,AC Milan,Serie A,H,Juventus,AC Milan,0-3,https://en.wikipedia.org/wiki/2020%E2%80%9321_Juventus_FC_season,milan,serie a,1,appeared_exact,2021-05-09_Juventus_AC_Milan_1064,canonical_appearance_history
2020-21,2021-05-12,Juventus,Sassuolo,Serie A,A,Sassuolo,Juventus,1-3,https://en.wikipedia.org/wiki/2020%E2%80%9321_Juventus_FC_season,sassuolo,serie a,1,appeared_exact,2021-05-12_Juventus_Sassuolo_1065,canonical_appearance_history
2020-21,2021-05-15,Juventus,Internazionale,Serie A,H,Juventus,Internazionale,3-2,https://en.wikipedia.org/wiki/2020%E2%80%9321_Juventus_FC_season,internazionale,serie a,1,appeared_exact,2021-05-15_Juventus_Inter_Milan_1066,canonical_appearance_history
2020-21,2021-05-19,Juventus,Atalanta,Coppa Italia,A,Atalanta,Juventus,1-2,https://en.wikipedia.org/wiki/2020%E2%80%9321_Juventus_FC_season,atalanta,coppa italia,1,appeared_exact,2021-05-19_Juventus_Atalanta_1067,canonical_appearance_history
2020-21,2021-05-23,Juventus,Bologna,Serie A,A,Bologna,Juventus,1-4,https://en.wikipedia.org/wiki/2020%E2%80%9321_Juventus_FC_season,bologna,serie a,0,did_not_appear,,complete_team_fixture_not_in_canonical_appearance_history
2021-22,2021-08-22,Juventus,Udinese,Serie A,A,Udinese,Juventus,2-2,https://en.wikipedia.org/wiki/2021%E2%80%9322_Juventus_FC_season,udinese,serie a,1,appeared_exact,2021-08-22_Juventus_Udinese_1074,canonical_appearance_history
