date,team,opponent,competition,venue,team_goals,opponent_goals,source_status
2002-08-14,Sporting CP,Inter Milan,Champions League Qualifying,H,0,0,verified_independent_schedule
2002-08-18,Sporting CP,Leixões,Supertaça Cândido de Oliveira,H,5,1,verified_independent_schedule
2002-08-23,Sporting CP,Académica,Primeira Liga,A,2,0,verified_independent_schedule
2002-08-27,Sporting CP,Inter Milan,Champions League Qualifying,A,0,2,verified_independent_schedule
2002-09-01,Sporting CP,Santa Clara,Primeira Liga,H,2,1,verified_independent_schedule
2002-09-14,Sporting CP,Paços Ferreira,Primeira Liga,A,0,4,verified_independent_schedule
2002-09-19,Sporting CP,Partizan Belgrade,UEFA Europa League,H,1,3,verified_independent_schedule
2002-09-23,Sporting CP,Varzim,Primeira Liga,H,0,0,verified_independent_schedule
2002-09-29,Sporting CP,Sporting Braga,Primeira Liga,A,2,4,verified_independent_schedule
2002-10-03,Sporting CP,Partizan Belgrade,UEFA Europa League,A,3,3,verified_independent_schedule
2002-10-07,Sporting CP,Moreirense,Primeira Liga,H,3,0,verified_independent_schedule
2002-10-20,Sporting CP,Belenenses,Primeira Liga,H,2,0,verified_independent_schedule
2002-10-26,Sporting CP,Boavista,Primeira Liga,A,2,1,verified_independent_schedule
2002-11-02,Sporting CP,Gil Vicente,Primeira Liga,H,0,3,verified_independent_schedule
2002-11-08,Sporting CP,Vitoria Guimaraes,Primeira Liga,A,3,1,verified_independent_schedule
2002-11-15,Sporting CP,Maritimo de Funchal,Primeira Liga,H,2,0,verified_independent_schedule
2002-11-24,Sporting CP,Estarreja,Taça de Portugal,H,4,1,verified_independent_schedule
2002-11-30,Sporting CP,Beira-Mar,Primeira Liga,A,3,1,verified_independent_schedule
2002-12-07,Sporting CP,Benfica,Primeira Liga,H,0,2,verified_independent_schedule
2002-12-14,Sporting CP,Leiria,Primeira Liga,A,2,3,verified_independent_schedule
2002-12-18,Sporting CP,FC Oliveira do Hospital,Taça de Portugal,H,8,1,verified_independent_schedule
2002-12-22,Sporting CP,Nacional da Madeira,Primeira Liga,H,2,0,verified_independent_schedule
2003-01-04,Sporting CP,Vitoria Setubal,Primeira Liga,A,2,1,verified_independent_schedule
2003-01-11,Sporting CP,FC Porto,Primeira Liga,H,0,1,verified_independent_schedule
2003-01-25,Sporting CP,Santa Clara,Primeira Liga,A,1,0,verified_independent_schedule
2003-01-29,Sporting CP,Estrela Amadora,Taça de Portugal,A,1,0,verified_independent_schedule
2003-02-02,Sporting CP,Paços Ferreira,Primeira Liga,H,4,0,verified_independent_schedule
2003-02-05,Sporting CP,Académica,Primeira Liga,H,1,0,verified_independent_schedule
2003-02-08,Sporting CP,Varzim,Primeira Liga,A,1,1,verified_independent_schedule
2003-02-16,Sporting CP,Sporting Braga,Primeira Liga,H,2,0,verified_independent_schedule
2003-02-24,Sporting CP,Moreirense,Primeira Liga,A,2,1,verified_independent_schedule
2003-03-01,Sporting CP,Belenenses,Primeira Liga,A,1,1,verified_independent_schedule
2003-03-09,Sporting CP,Naval,Taça de Portugal,H,0,1,verified_independent_schedule
2003-03-16,Sporting CP,Boavista,Primeira Liga,H,1,1,verified_independent_schedule
2003-03-21,Sporting CP,Gil Vicente,Primeira Liga,A,0,1,verified_independent_schedule
2003-04-06,Sporting CP,Vitoria Guimaraes,Primeira Liga,H,1,1,verified_independent_schedule
2003-04-19,Sporting CP,Maritimo de Funchal,Primeira Liga,A,3,0,verified_independent_schedule
2003-04-25,Sporting CP,Beira-Mar,Primeira Liga,H,1,1,verified_independent_schedule
2003-05-03,Sporting CP,Benfica,Primeira Liga,A,2,1,verified_independent_schedule
2003-05-12,Sporting CP,Leiria,Primeira Liga,H,1,1,verified_independent_schedule
2003-05-17,Sporting CP,Nacional da Madeira,Primeira Liga,A,1,1,verified_independent_schedule
2003-05-24,Sporting CP,Vitoria Setubal,Primeira Liga,H,3,4,verified_independent_schedule
2003-06-01,Sporting CP,FC Porto,Primeira Liga,A,0,2,verified_independent_schedule
