date,team,opponent,competition,venue,team_goals,opponent_goals,appearance_status,absence_reason,eligible_opportunity,evidence,notes
2002-08-18,Sporting CP,Leixões,Supertaça Cândido de Oliveira,H,5,1,needs_verification,,,,
2002-08-23,Sporting CP,Académica,Primeira Liga,A,2,0,needs_verification,,,,
2002-08-27,Sporting CP,Inter Milan,Champions League Qualifying,A,0,2,needs_verification,,,,
2002-09-01,Sporting CP,Santa Clara,Primeira Liga,H,2,1,needs_verification,,,,
2002-09-14,Sporting CP,Paços Ferreira,Primeira Liga,A,0,4,needs_verification,,,,
2002-09-23,Sporting CP,Varzim,Primeira Liga,H,0,0,needs_verification,,,,
2003-01-29,Sporting CP,Estrela Amadora,Taça de Portugal,A,1,0,needs_verification,,,,
2003-02-02,Sporting CP,Paços Ferreira,Primeira Liga,H,4,0,needs_verification,,,,
2003-02-08,Sporting CP,Varzim,Primeira Liga,A,1,1,needs_verification,,,,
2003-02-16,Sporting CP,Sporting Braga,Primeira Liga,H,2,0,needs_verification,,,,
2003-02-24,Sporting CP,Moreirense,Primeira Liga,A,2,1,needs_verification,,,,
2003-05-03,Sporting CP,Benfica,Primeira Liga,A,2,1,needs_verification,,,,
