date,team,opponent,competition,venue,team_goals,opponent_goals,eligible_opportunity,appeared,appearance_status,appearance_evidence,canonical_match_id,canonical_date,match_method,date_discrepancy
2002-08-14,Sporting CP,Inter Milan,Champions League Qualifying,H,0,0,1,1,appeared,canonical_appearance,2002-08-14_Sporting_CP_Inter_Milan_1,2002-08-14,exact,0
2002-08-18,Sporting CP,Leixões,Supertaça Cândido de Oliveira,N,5,1,1,0,did_not_appear,transfermarkt_match_sheet_unused_substitute,,,unmatched,0
2002-08-23,Sporting CP,Académica,Primeira Liga,A,2,0,1,0,did_not_appear,complete_team_fixture_not_in_canonical_appearance_history,,,unmatched,0
2002-08-27,Sporting CP,Inter Milan,Champions League Qualifying,A,0,2,1,0,did_not_appear,independent_match_sheet_not_used,,,unmatched,0
2002-09-01,Sporting CP,Santa Clara,Primeira Liga,H,2,1,1,0,did_not_appear,complete_team_fixture_not_in_canonical_appearance_history,,,unmatched,0
2002-09-14,Sporting CP,Paços Ferreira,Primeira Liga,A,0,4,1,0,did_not_appear,fbref_matchday_squad_unused_substitute,,,unmatched,0
2002-09-19,Sporting CP,Partizan Belgrade,UEFA Europa League,H,1,3,1,1,appeared,canonical_appearance,2002-09-19_Sporting_CP_Partizan_Belgrade_2,2002-09-19,exact,0
2002-09-23,Sporting CP,Varzim,Primeira Liga,H,0,0,1,0,did_not_appear,fbref_matchday_squad_unused_substitute,,,unmatched,0
2002-09-29,Sporting CP,Sporting Braga,Primeira Liga,A,2,4,1,1,appeared,canonical_appearance,2002-09-30_Sporting_CP_Sporting_Braga_3,2002-09-30,date_discrepancy,1
2002-10-03,Sporting CP,Partizan Belgrade,UEFA Europa League,A,3,3,1,1,appeared,canonical_appearance,2002-10-03_Sporting_CP_Partizan_Belgrade_4,2002-10-03,exact,0
2002-10-07,Sporting CP,Moreirense,Primeira Liga,H,3,0,1,1,appeared,canonical_appearance,2002-10-07_Sporting_CP_Moreirense_5,2002-10-07,exact,0
2002-10-20,Sporting CP,Belenenses,Primeira Liga,H,2,0,1,1,appeared,canonical_appearance,2002-10-20_Sporting_CP_Belenenses_6,2002-10-20,exact,0
2002-10-26,Sporting CP,Boavista,Primeira Liga,A,2,1,1,1,appeared,canonical_appearance,2002-10-26_Sporting_CP_Boavista_7,2002-10-26,exact,0
2002-11-02,Sporting CP,Gil Vicente,Primeira Liga,H,0,3,1,1,appeared,canonical_appearance,2002-11-02_Sporting_CP_Gil_Vicente_8,2002-11-02,exact,0
2002-11-08,Sporting CP,Vitoria Guimaraes,Primeira Liga,A,3,1,1,1,appeared,canonical_appearance,2002-11-08_Sporting_CP_Vitoria_Guimaraes_9,2002-11-08,exact,0
2002-11-15,Sporting CP,Maritimo de Funchal,Primeira Liga,H,2,0,1,1,appeared,canonical_appearance,2002-11-15_Sporting_CP_Maritimo_de_Funchal_10,2002-11-15,exact,0
2002-11-24,Sporting CP,Estarreja,Taça de Portugal,H,4,1,1,1,appeared,canonical_appearance,2002-11-24_Sporting_CP_Estarreja_11,2002-11-24,exact,0
2002-11-30,Sporting CP,Beira-Mar,Primeira Liga,A,3,1,1,1,appeared,canonical_appearance,2002-11-30_Sporting_CP_Beira-Mar_12,2002-11-30,exact,0
2002-12-07,Sporting CP,Benfica,Primeira Liga,H,0,2,1,1,appeared,canonical_appearance,2002-12-07_Sporting_CP_Benfica_13,2002-12-07,exact,0
2002-12-14,Sporting CP,Leiria,Primeira Liga,A,2,3,1,1,appeared,canonical_appearance,2002-12-14_Sporting_CP_Leiria_14,2002-12-14,exact,0
2002-12-18,Sporting CP,FC Oliveira do Hospital,Taça de Portugal,H,8,1,1,1,appeared,canonical_appearance,2002-12-18_Sporting_CP_FC_Oliveira_do_Hospital_15,2002-12-18,exact,0
2002-12-22,Sporting CP,Nacional da Madeira,Primeira Liga,H,2,0,1,1,appeared,canonical_appearance,2002-12-22_Sporting_CP_Nacional_da_Madeira_16,2002-12-22,exact,0
2003-01-04,Sporting CP,Vitoria Setubal,Primeira Liga,A,2,1,1,1,appeared,canonical_appearance,2003-01-04_Sporting_CP_Vitoria_Setubal_17,2003-01-04,exact,0
2003-01-11,Sporting CP,FC Porto,Primeira Liga,H,0,1,1,1,appeared,canonical_appearance,2003-01-11_Sporting_CP_FC_Porto_18,2003-01-11,exact,0
2003-01-25,Sporting CP,Santa Clara,Primeira Liga,A,1,0,1,1,appeared,canonical_appearance,2003-01-25_Sporting_CP_Santa_Clara_19,2003-01-25,exact,0
2003-01-29,Sporting CP,Estrela Amadora,Taça de Portugal,A,1,0,1,0,did_not_appear,complete_team_fixture_not_in_canonical_appearance_history,,,unmatched,0
2003-02-02,Sporting CP,Paços Ferreira,Primeira Liga,H,4,0,1,0,did_not_appear,fbref_matchday_squad_unused_substitute,,,unmatched,0
2003-02-05,Sporting CP,Académica,Primeira Liga,H,1,0,1,1,appeared,canonical_appearance,2003-02-05_Sporting_CP_Académica_20,2003-02-05,exact,0
2003-02-08,Sporting CP,Varzim,Primeira Liga,A,1,1,1,0,did_not_appear,complete_team_fixture_not_in_canonical_appearance_history,,,unmatched,0
2003-02-16,Sporting CP,Sporting Braga,Primeira Liga,H,2,0,1,0,did_not_appear,fbref_matchday_squad_unused_substitute,,,unmatched,0
2003-02-24,Sporting CP,Moreirense,Primeira Liga,A,2,1,1,0,did_not_appear,fbref_matchday_squad_unused_substitute,,,unmatched,0
2003-03-01,Sporting CP,Belenenses,Primeira Liga,A,1,1,1,1,appeared,canonical_appearance,2003-03-01_Sporting_CP_Belenenses_21,2003-03-01,exact,0
2003-03-09,Sporting CP,Naval,Taça de Portugal,H,0,1,1,1,appeared,canonical_appearance,2003-03-08_Sporting_CP_Naval_22,2003-03-08,date_discrepancy,1
2003-03-16,Sporting CP,Boavista,Primeira Liga,H,1,1,1,1,appeared,canonical_appearance,2003-03-16_Sporting_CP_Boavista_23,2003-03-16,exact,0
2003-03-21,Sporting CP,Gil Vicente,Primeira Liga,A,0,1,1,1,appeared,canonical_appearance,2003-03-21_Sporting_CP_Gil_Vicente_24,2003-03-21,exact,0
2003-04-06,Sporting CP,Vitoria Guimaraes,Primeira Liga,H,1,1,1,1,appeared,canonical_appearance,2003-04-06_Sporting_CP_Vitoria_Guimaraes_25,2003-04-06,exact,0
2003-04-19,Sporting CP,Maritimo de Funchal,Primeira Liga,A,3,0,1,1,appeared,canonical_appearance,2003-04-19_Sporting_CP_Maritimo_de_Funchal_26,2003-04-19,exact,0
2003-04-25,Sporting CP,Beira-Mar,Primeira Liga,H,1,1,1,1,appeared,canonical_appearance,2003-04-25_Sporting_CP_Beira-Mar_27,2003-04-25,exact,0
2003-05-03,Sporting CP,Benfica,Primeira Liga,A,2,1,1,0,did_not_appear,complete_team_fixture_not_in_canonical_appearance_history,,,unmatched,0
2003-05-12,Sporting CP,Leiria,Primeira Liga,H,1,1,1,1,appeared,canonical_appearance,2003-05-12_Sporting_CP_Leiria_28,2003-05-12,exact,0
2003-05-17,Sporting CP,Nacional da Madeira,Primeira Liga,A,1,1,1,1,appeared,canonical_appearance,2003-05-17_Sporting_CP_Nacional_da_Madeira_29,2003-05-17,exact,0
2003-05-24,Sporting CP,Vitoria Setubal,Primeira Liga,H,3,4,1,1,appeared,canonical_appearance,2003-05-24_Sporting_CP_Vitoria_Setubal_30,2003-05-24,exact,0
2003-06-01,Sporting CP,FC Porto,Primeira Liga,A,0,2,1,1,appeared,canonical_appearance,2003-06-01_Sporting_CP_FC_Porto_31,2003-06-01,exact,0
