fixture_id,date,team,opponent,competition,competition_type,venue,forecast_cutoff,fixture_status,result_used,opponent_display
future_001,2026-09-05,Al-Nassr,Al-Ittihad FC,Pro League,domestic_league,A,2026-08-28,confirmed,False,Al Ittihad
future_002,2026-09-09,Al-Nassr,Abha,Pro League,domestic_league,H,2026-08-28,confirmed,False,Abha
future_003,2026-09-12,Al-Nassr,Al Khaleej Saihat,Pro League,domestic_league,A,2026-08-28,confirmed,False,Al Khaleej
future_004,2026-09-15,Al-Nassr,Al Ain,AFC Champions League Elite,continental_club,A,2026-08-28,confirmed,False,Al Ain
future_005,2026-09-24,Portugal,Wales,UEFA Nations League,international,H,2026-08-28,confirmed,False,Wales
future_006,2026-09-27,Portugal,Norway,UEFA Nations League,international,A,2026-08-28,confirmed,False,Norway
future_007,2026-10-01,Portugal,Denmark,UEFA Nations League,international,A,2026-08-28,confirmed,False,Denmark
future_008,2026-10-04,Portugal,Norway,UEFA Nations League,international,H,2026-08-28,confirmed,False,Norway
future_009,2026-10-09,Al-Nassr,Diriyah Club,Pro League,domestic_league,H,2026-08-28,confirmed,False,Diriyah Club
future_010,2026-10-12,Al-Nassr,Neftchi,AFC Champions League Elite,continental_club,H,2026-08-28,confirmed,False,Neftchi
future_011,2026-10-15,Al-Nassr,Al-Ahli Jeddah,Pro League,domestic_league,A,2026-08-28,confirmed,False,Al Ahli
future_012,2026-10-20,Al-Nassr,NEOM,Pro League,domestic_league,H,2026-08-28,confirmed,False,NEOM
future_013,2026-10-23,Al-Nassr,Al Faisaly,Pro League,domestic_league,A,2026-08-28,confirmed,False,Al Faisaly
future_014,2026-10-26,Al-Nassr,Al-Wasl FC,AFC Champions League Elite,continental_club,H,2026-08-28,confirmed,False,Al Wasl
future_015,2026-10-29,Al-Nassr,Al Kholood,Pro League,domestic_league,H,2026-08-28,confirmed,False,Al Kholood
future_016,2026-11-02,Al-Nassr,Pakhtakor,AFC Champions League Elite,continental_club,A,2026-08-28,confirmed,False,Pakhtakor
future_017,2026-11-05,Al-Nassr,Al-Hazm,Pro League,domestic_league,A,2026-08-28,confirmed,False,Al Hazem
future_018,2026-11-14,Portugal,Denmark,UEFA Nations League,international,H,2026-08-28,confirmed,False,Denmark
future_019,2026-11-17,Portugal,Wales,UEFA Nations League,international,A,2026-08-28,confirmed,False,Wales
future_020,2026-11-20,Al-Nassr,Al-Qadisiyah FC,Pro League,domestic_league,H,2026-08-28,confirmed,False,Al Qadsiah
future_021,2026-11-24,Al-Nassr,Al Sadd,AFC Champions League Elite,continental_club,H,2026-08-28,confirmed,False,Al Sadd
future_022,2026-11-26,Al-Nassr,Al Shabab,Pro League,domestic_league,H,2026-08-28,confirmed,False,Al Shabab
future_023,2026-12-01,Al-Nassr,Al Kholood,King's Cup,domestic_or_other_cup,H,2026-08-28,confirmed,False,Al Kholood
future_024,2026-12-03,Al-Nassr,Al-Fayha,Pro League,domestic_league,A,2026-08-28,confirmed,False,Al Fayha
future_025,2026-12-08,Al-Nassr,Al-Gharafa,AFC Champions League Elite,continental_club,A,2026-08-28,confirmed,False,Al Gharafa
future_026,2026-12-10,Al-Nassr,Al-Hilal,Pro League,domestic_league,H,2026-08-28,confirmed,False,Al Hilal
future_027,2026-12-14,Al-Nassr,Al-Fateh,Pro League,domestic_league,A,2026-08-28,confirmed,False,Al Fateh
future_028,2027-02-08,Al-Nassr,Al Shamal,AFC Champions League Elite,continental_club,H,2026-08-28,confirmed,False,Al Shamal
future_029,2027-02-11,Al-Nassr,Al Riyadh,Pro League,domestic_league,H,2026-08-28,confirmed,False,Al Riyadh
future_030,2027-02-15,Al-Nassr,Shabab Al Ahli Dubai,AFC Champions League Elite,continental_club,A,2026-08-28,confirmed,False,Shabab Al-Ahli
future_031,2027-02-18,Al-Nassr,Al-Ettifaq,Pro League,domestic_league,H,2026-08-28,confirmed,False,Al-Ettifaq
future_032,2027-02-25,Al-Nassr,Al Taawon,Pro League,domestic_league,A,2026-08-28,confirmed,False,Al Taawoun
future_033,2027-03-11,Al-Nassr,Al-Ittihad FC,Pro League,domestic_league,H,2026-08-28,confirmed,False,Al Ittihad
future_034,2027-03-18,Al-Nassr,Abha,Pro League,domestic_league,A,2026-08-28,confirmed,False,Abha
future_035,2027-04-02,Al-Nassr,Al Khaleej Saihat,Pro League,domestic_league,H,2026-08-28,confirmed,False,Al Khaleej
future_036,2027-04-08,Al-Nassr,Diriyah Club,Pro League,domestic_league,A,2026-08-28,confirmed,False,Diriyah Club
future_037,2027-04-15,Al-Nassr,Al-Ahli Jeddah,Pro League,domestic_league,H,2026-08-28,confirmed,False,Al Ahli
future_038,2027-04-18,Al-Nassr,NEOM,Pro League,domestic_league,A,2026-08-28,confirmed,False,NEOM
future_039,2027-04-22,Al-Nassr,Al Faisaly,Pro League,domestic_league,H,2026-08-28,confirmed,False,Al Faisaly
future_040,2027-04-29,Al-Nassr,Al Kholood,Pro League,domestic_league,A,2026-08-28,confirmed,False,Al Kholood
future_041,2027-05-06,Al-Nassr,Al-Hazm,Pro League,domestic_league,H,2026-08-28,confirmed,False,Al Hazem
future_042,2027-05-12,Al-Nassr,Al-Qadisiyah FC,Pro League,domestic_league,A,2026-08-28,confirmed,False,Al Qadsiah
future_043,2027-05-20,Al-Nassr,Al Shabab,Pro League,domestic_league,A,2026-08-28,confirmed,False,Al Shabab
future_044,2027-05-24,Al-Nassr,Al-Fayha,Pro League,domestic_league,H,2026-08-28,confirmed,False,Al Fayha
future_045,2027-05-28,Al-Nassr,Al-Hilal,Pro League,domestic_league,A,2026-08-28,confirmed,False,Al Hilal
