scenario,month,deadline,completed,probability
Conservative,Sep 2026,2026-09-30,0,0.0
Conservative,Oct 2026,2026-10-31,0,0.0
Conservative,Nov 2026,2026-11-30,28,0.028
Conservative,Dec 2026,2026-12-31,121,0.121
Conservative,Jan 2027,2027-01-31,121,0.121
Conservative,Feb 2027,2027-02-28,321,0.321
Conservative,Mar 2027,2027-03-31,427,0.427
Conservative,Apr 2027,2027-04-30,746,0.746
Conservative,May 2027,2027-05-28,878,0.878
Baseline,Sep 2026,2026-09-30,0,0.0
Baseline,Oct 2026,2026-10-31,0,0.0
Baseline,Nov 2026,2026-11-30,60,0.06
Baseline,Dec 2026,2026-12-31,189,0.189
Baseline,Jan 2027,2027-01-31,189,0.189
Baseline,Feb 2027,2027-02-28,472,0.472
Baseline,Mar 2027,2027-03-31,566,0.566
Baseline,Apr 2027,2027-04-30,837,0.837
Baseline,May 2027,2027-05-28,942,0.942
Optimistic,Sep 2026,2026-09-30,0,0.0
Optimistic,Oct 2026,2026-10-31,1,0.001
Optimistic,Nov 2026,2026-11-30,92,0.092
Optimistic,Dec 2026,2026-12-31,303,0.303
Optimistic,Jan 2027,2027-01-31,303,0.303
Optimistic,Feb 2027,2027-02-28,586,0.586
Optimistic,Mar 2027,2027-03-31,690,0.69
Optimistic,Apr 2027,2027-04-30,906,0.906
Optimistic,May 2027,2027-05-28,964,0.964
