match_id,date,fold,y_true,xgb_pred,catboost_pred,blend_pred
2018-08-18_Juventus_Chievo_916,2018-08-18,Fold 1,0.0,0.70801103,0.5357498941727478,0.6391065823200544
2018-08-25_Juventus_Lazio_917,2018-08-25,Fold 1,0.0,0.70801103,0.5641260464780925,0.6504570432421922
2018-09-01_Juventus_Parma_918,2018-09-01,Fold 1,0.0,0.70801103,0.5309460404314867,0.6371850408235499
2018-09-16_Juventus_Sassuolo_919,2018-09-16,Fold 1,2.0,0.70801103,0.5642529543054947,0.6505078063731531
2018-09-19_Juventus_Valencia_920,2018-09-19,Fold 1,0.0,0.7621885,0.7161637084444307,0.743778603742915
2018-09-23_Juventus_Frosinone_921,2018-09-23,Fold 1,1.0,0.70801103,0.6592198749466398,0.6884945746296112
2018-09-26_Juventus_Bologna_922,2018-09-26,Fold 1,0.0,0.7364861,0.726927741595606,0.7326627668652932
2018-09-29_Juventus_Napoli_923,2018-09-29,Fold 1,0.0,0.7244084,0.6481269971357878,0.6938958555788635
2018-10-06_Juventus_Udinese_924,2018-10-06,Fold 1,1.0,0.70801103,0.5458001766596313,0.6431266953148077
2018-10-20_Juventus_Genoa_925,2018-10-20,Fold 1,1.0,0.7244084,0.637842373005546,0.6897820059267668
2018-10-23_Juventus_Manchester_United_926,2018-10-23,Fold 1,0.0,0.75055635,0.6887797239301092,0.7258457232665017
2018-10-27_Juventus_Empoli_927,2018-10-27,Fold 1,2.0,0.7244084,0.6454455279090939,0.6928232678881859
2018-11-03_Juventus_Cagliari_928,2018-11-03,Fold 1,0.0,0.7364861,0.7405739037188318,0.7381212317145835
2018-11-07_Juventus_Manchester_United_929,2018-11-07,Fold 1,1.0,0.7555962,0.7289581596804756,0.7449410200100381
2018-11-11_Juventus_AC_Milan_930,2018-11-11,Fold 1,1.0,0.72532177,0.702043839752514,0.7160106275319413
2018-11-24_Juventus_Spal_931,2018-11-24,Fold 1,1.0,0.7315737,0.7333300020761958,0.7322762511757084
2018-11-27_Juventus_Valencia_932,2018-11-27,Fold 1,0.0,0.75710464,0.736304103033983,0.7487844342777106
2018-12-01_Juventus_Fiorentina_933,2018-12-01,Fold 1,1.0,0.7498023,0.7136170922721553,0.7353282415471525
2018-12-07_Juventus_Inter_Milan_934,2018-12-07,Fold 1,0.0,0.7498023,0.7505970331241291,0.750120217887942
2018-12-12_Juventus_BSC_Young_Boys_935,2018-12-12,Fold 1,0.0,0.7672265,0.7842184514825516,0.7740233207156251
2018-12-15_Juventus_Torino_936,2018-12-15,Fold 1,1.0,0.7498023,0.7191413650356283,0.7375379506525417
2018-12-22_Juventus_AS_Roma_937,2018-12-22,Fold 1,0.0,0.7498023,0.7992472296536962,0.7695802964997689
2018-12-26_Juventus_Atalanta_938,2018-12-26,Fold 1,1.0,0.7498023,0.7334597967609168,0.7432653233426572
2018-12-29_Juventus_Sampdoria_939,2018-12-29,Fold 1,2.0,0.7498023,0.7915450138366253,0.7664994101729405
2019-01-12_Juventus_Bologna_940,2019-01-12,Fold 1,0.0,0.7315737,0.762855712222592,0.7440865352342669
2019-01-16_Juventus_AC_Milan_941,2019-01-16,Fold 1,1.0,0.72532177,0.7497204499513236,0.7350812716114652
2019-01-21_Juventus_Chievo_942,2019-01-21,Fold 1,0.0,0.7498023,0.8636693142598039,0.795349130342212
2019-01-27_Juventus_Lazio_943,2019-01-27,Fold 1,1.0,0.77290773,0.8783926816074981,0.8151017427956635
2019-01-30_Juventus_Atalanta_944,2019-01-30,Fold 1,0.0,0.7364861,0.7603042962611928,0.7460133887315279
2019-02-02_Juventus_Parma_945,2019-02-02,Fold 1,2.0,0.7498023,0.8222434920251835,0.7787788014483639
2019-02-10_Juventus_Sassuolo_946,2019-02-10,Fold 1,1.0,0.7498023,0.8342795164395741,0.7835932112141201
2019-02-15_Juventus_Frosinone_947,2019-02-15,Fold 1,1.0,0.74480104,0.8963535694574843,0.8054220663823894
2019-02-20_Juventus_Atletico_Madrid_948,2019-02-20,Fold 1,0.0,0.75055635,0.7256186593102557,0.7405812974185604
2019-02-24_Juventus_Bologna_949,2019-02-24,Fold 1,0.0,0.7498023,0.8303332759962928,0.7820147150368075
2019-03-03_Juventus_Napoli_950,2019-03-03,Fold 1,0.0,0.7786965,0.8756971057828212,0.8174967347214994
2019-03-12_Juventus_Atletico_Madrid_951,2019-03-12,Fold 1,3.0,0.7555962,0.7017439657264951,0.734055342428446
2019-03-22_Portugal_Ukraine_952,2019-03-22,Fold 1,0.0,0.75541806,0.843012606994536,0.7904558980052576
2019-03-25_Portugal_Serbia_953,2019-03-25,Fold 1,0.0,0.75541806,0.8271744031875423,0.7841206164824601
2019-04-10_Juventus_Ajax_954,2019-04-10,Fold 1,1.0,0.7976344,0.9648551724162382,0.8645227524362676
2019-04-16_Juventus_Ajax_955,2019-04-16,Fold 1,1.0,0.7976344,0.9446362005295348,0.8564351636815863
2019-04-20_Juventus_Fiorentina_956,2019-04-20,Fold 1,0.0,0.7503793,0.8681301979050411,0.7974796973794847
2019-04-27_Juventus_Inter_Milan_957,2019-04-27,Fold 1,1.0,0.75541806,0.7978196362966974,0.7723787097261222
2019-05-03_Juventus_Torino_958,2019-05-03,Fold 1,1.0,0.75541806,0.8604194900504976,0.7974186512276422
2019-05-12_Juventus_AS_Roma_959,2019-05-12,Fold 1,0.0,0.7503793,0.8274552060887793,0.78120970065298
2019-05-19_Juventus_Atalanta_960,2019-05-19,Fold 1,0.0,0.7504576,0.7409612187774198,0.7466590443861969
2019-06-05_Portugal_Switzerland_961,2019-06-05,Fold 1,3.0,0.7364861,0.7702461047241709,0.7499901121167192
2019-06-09_Portugal_Netherlands_962,2019-06-09,Fold 1,0.0,0.7364861,0.7986799489287401,0.7613636497985468
2019-08-24_Juventus_Parma_963,2019-08-24,Fold 1,0.0,0.75541806,0.6726383456232584,0.7223061934567466
2019-08-31_Juventus_Napoli_964,2019-08-31,Fold 1,1.0,0.75541806,0.7315286693642489,0.7458623229531428
2019-09-07_Portugal_Serbia_965,2019-09-07,Fold 1,1.0,0.75541806,0.7388888747125903,0.7488064050924794
2019-09-10_Portugal_Lithuania_966,2019-09-10,Fold 1,4.0,0.78011954,0.8362342872117874,0.8025654438294934
2019-09-14_Juventus_Fiorentina_967,2019-09-14,Fold 1,0.0,0.7404864,0.8243220559044034,0.77402068222695
2019-09-18_Juventus_Atletico_Madrid_968,2019-09-18,Fold 1,0.0,0.7456345,0.6946932728666128,0.7252580307157064
2019-09-21_Juventus_Verona_969,2019-09-21,Fold 1,1.0,0.74545866,0.8334687961779079,0.780662739818972
2019-09-28_Juventus_Spal_970,2019-09-28,Fold 1,1.0,0.74545866,0.8811588247133554,0.7997387512331511
2019-10-01_Juventus_Bayer_Leverkusen_971,2019-10-01,Fold 1,1.0,0.7520615,0.8676242667595458,0.7982866103712682
2019-10-06_Juventus_Inter_Milan_972,2019-10-06,Fold 1,0.0,0.7404864,0.8014661971924351,0.7648783387421627
2019-10-11_Portugal_Luxembourg_973,2019-10-11,Fold 1,1.0,0.78535795,0.955801481464118,0.8535353936587216
2019-10-14_Portugal_Ukraine_974,2019-10-14,Fold 1,1.0,0.7730907,0.8602754907818809,0.8079646582210929
2019-10-19_Juventus_Bologna_975,2019-10-19,Fold 1,1.0,0.7745035,0.915537995942834,0.8309173277411472
2019-10-22_Juventus_Lokomotiv_Moscow_976,2019-10-22,Fold 1,0.0,0.7566227,0.8840361052612415,0.8075880632344863
2019-10-30_Juventus_Genoa_977,2019-10-30,Fold 1,1.0,0.75541806,0.8938527248196461,0.8107919451353016
2019-11-02_Juventus_Torino_978,2019-11-02,Fold 1,0.0,0.78535795,0.9112280032209078,0.8357060023614375
2019-11-06_Juventus_Lokomotiv_Moscow_979,2019-11-06,Fold 1,0.0,0.7976344,0.9134966086531545,0.8439793269310342
2019-11-10_Juventus_AC_Milan_980,2019-11-10,Fold 1,0.0,0.7504576,0.8844526418970293,0.8040556136340407
2019-11-14_Portugal_Lithuania_981,2019-11-14,Fold 1,3.0,0.78535795,0.9589431881499857,0.8547920763330686
2019-11-17_Portugal_Luxembourg_982,2019-11-17,Fold 1,1.0,0.7916325,0.9475209307654443,0.8539878623479105
2019-11-26_Juventus_Atletico_Madrid_983,2019-11-26,Fold 1,0.0,0.75055635,0.7180310414290652,0.7375462502660841
2019-12-01_Juventus_Sassuolo_984,2019-12-01,Fold 1,1.0,0.78535795,1.0070605157059012,0.8740390073554348
2019-12-07_Juventus_Lazio_985,2019-12-07,Fold 1,1.0,0.78535795,0.9103969888657065,0.835373596619357
2019-12-11_Juventus_Bayer_Leverkusen_986,2019-12-11,Fold 1,1.0,0.7923142,0.947073021227202,0.8542177354073848
2019-12-15_Juventus_Udinese_987,2019-12-15,Fold 1,2.0,0.78011954,0.9737947562793458,0.8575896314565168
2019-12-18_Juventus_Sampdoria_988,2019-12-18,Fold 1,1.0,0.7863522,0.9207843261993311,0.8401250846400413
2019-12-22_Juventus_Lazio_989,2019-12-22,Fold 1,0.0,0.76056856,0.8932860870419909,0.8136555822395869
2020-01-06_Juventus_Cagliari_990,2020-01-06,Fold 1,3.0,0.7976344,0.9555448279036615,0.860798614631237
2020-01-12_Juventus_AS_Roma_991,2020-01-12,Fold 1,1.0,0.7918923,0.8799095474101106,0.8270992049541871
2020-01-19_Juventus_Parma_992,2020-01-19,Fold 1,2.0,0.7866103,0.929967403879165,0.8439531685791013
2020-01-22_Juventus_AS_Roma_993,2020-01-22,Fold 1,1.0,0.7550932,0.8022886239230633,0.7739713975882531
2020-01-26_Juventus_Napoli_994,2020-01-26,Fold 1,1.0,0.7866103,0.949296924128978,0.8516849766790265
2020-02-02_Juventus_Fiorentina_995,2020-02-02,Fold 1,2.0,0.7866103,0.9230768539924262,0.8411969486244057
2020-02-08_Juventus_Verona_996,2020-02-08,Fold 1,1.0,0.78186834,0.9519528743984521,0.8499021588707854
2020-02-13_Juventus_AC_Milan_997,2020-02-13,Fold 1,1.0,0.7171881,0.7832904709216034,0.7436290901039472
2020-02-22_Juventus_Spal_998,2020-02-22,Fold 1,1.0,0.78186834,0.9564221400880412,0.8516898651466209
2020-02-26_Juventus_Lyon_999,2020-02-26,Fold 1,0.0,0.7520615,0.857656792815407,0.7942996207936128
2020-03-08_Juventus_Inter_Milan_1000,2020-03-08,Fold 1,0.0,0.76170325,0.8938268228257351,0.8145527106080315
2020-06-12_Juventus_AC_Milan_1001,2020-06-12,Fold 1,0.0,0.7263828,0.7673139351176658,0.7427552730865256
2020-06-17_Juventus_Napoli_1002,2020-06-17,Fold 1,0.0,0.7537159,0.7779973995713071,0.7634284894477398
2020-06-22_Juventus_Bologna_1003,2020-06-22,Fold 1,1.0,0.7976344,0.889900782878457,0.8345409966211552
2020-06-26_Juventus_Lecce_1004,2020-06-26,Fold 1,1.0,0.7672265,0.8519405399082791,0.801112156085916
2020-06-30_Juventus_Genoa_1005,2020-06-30,Fold 1,1.0,0.76210904,0.8523031050495485,0.798186678669142
2020-07-04_Juventus_Torino_1006,2020-07-04,Fold 1,1.0,0.7923142,0.979367020814133,0.8671353352421571
2020-07-07_Juventus_AC_Milan_1007,2020-07-07,Fold 1,1.0,0.75165427,0.7869872013064207,0.765787464751084
2020-07-11_Juventus_Atalanta_1008,2020-07-11,Fold 1,2.0,0.75165427,0.8212580533932354,0.7794958055858099
2020-07-15_Juventus_Sassuolo_1009,2020-07-15,Fold 1,0.0,0.7566227,0.8839710244973253,0.8075620309289198
2020-07-20_Juventus_Lazio_1010,2020-07-20,Fold 1,2.0,0.7567015,0.8690888235027001,0.8016564766190213
2020-07-23_Juventus_Udinese_1011,2020-07-23,Fold 1,0.0,0.78517544,0.948316864100505,0.8504320231785016
2020-07-26_Juventus_Sampdoria_1012,2020-07-26,Fold 1,1.0,0.76170325,0.9606121734703787,0.8412668508658889
2020-07-29_Juventus_Cagliari_1013,2020-07-29,Fold 1,0.0,0.76170325,0.8679762997005414,0.804212501357954
2020-08-07_Juventus_Lyon_1014,2020-08-07,Fold 1,2.0,0.7621885,0.735785974379659,0.7516275101170065
2020-09-08_Portugal_Sweden_1015,2020-09-08,Fold 1,2.0,0.7267763,0.7318107444991501,0.7287900908370746
2020-09-20_Juventus_Sampdoria_1016,2020-09-20,Fold 1,1.0,0.7520615,0.9101460560613881,0.8152953260920053
2020-09-27_Juventus_AS_Roma_1017,2020-09-27,Fold 1,2.0,0.7520615,0.8051524122139354,0.7732978685530241
2020-10-07_Portugal_Spain_1018,2020-10-07,Fold 1,0.0,0.76330477,0.809227313066475,0.7816737931827515
2020-10-11_Portugal_France_1019,2020-10-11,Fold 1,0.0,0.71575916,0.7313790757536144,0.7220071490239799
2020-11-01_Juventus_Spezia_1020,2020-11-01,Fold 1,2.0,0.7571115,0.838450760271182,0.7896472098930798
2020-11-04_Juventus_Ferencvarosi_TC_1021,2020-11-04,Fold 1,0.0,0.7571115,0.837803902485587,0.7893884667788418
2020-11-08_Juventus_Lazio_1022,2020-11-08,Fold 1,1.0,0.7571115,0.8432489718889613,0.7915664945401915
2020-11-11_Portugal_Andorra_1023,2020-11-11,Fold 1,1.0,0.77500385,0.9189175369535393,0.8325693429388407
2020-11-14_Portugal_France_1024,2020-11-14,Fold 1,0.0,0.710985,0.75278110493667,0.7277034508762641
2020-11-17_Portugal_Croatia_1025,2020-11-17,Fold 1,0.0,0.755581,0.8263707370565572,0.7838969314498201
2020-11-21_Juventus_Cagliari_1026,2020-11-21,Fold 1,2.0,0.76170325,0.8752038251206471,0.8071035115259964
2020-11-24_Juventus_Ferencvarosi_TC_1027,2020-11-24,Fold 1,1.0,0.7571115,0.8886724269225708,0.8097358765536353
2020-12-02_Juventus_Dynamo_Kyiv_1028,2020-12-02,Fold 1,1.0,0.7752365,1.0113850662712354,0.869695948743983
2020-12-05_Juventus_Torino_1029,2020-12-05,Fold 1,0.0,0.78186834,1.0229806110195088,0.878313253519208
2020-12-08_Juventus_Barcelona_1030,2020-12-08,Fold 1,2.0,0.7501567,0.7335014635081077,0.7434946296117697
2020-12-13_Juventus_Genoa_1031,2020-12-13,Fold 1,2.0,0.7871185,0.9748722027172784,0.8622199956746952
2020-12-16_Juventus_Atalanta_1032,2020-12-16,Fold 1,0.0,0.74712306,0.8763592555215184,0.7988175695773054
2020-12-19_Juventus_Parma_1033,2020-12-19,Fold 1,2.0,0.7871185,0.9518107189225896,0.8529954021568197
2020-12-22_Juventus_Fiorentina_1034,2020-12-22,Fold 1,0.0,0.7871185,0.9651387857214146,0.8583266288763497
2021-01-03_Juventus_Udinese_1035,2021-01-03,Fold 1,2.0,0.7804421,1.020063890086936,0.876290851063461
2021-01-06_Juventus_AC_Milan_1036,2021-01-06,Fold 1,0.0,0.7456345,0.7969324390646079,0.7661536971949044
2021-01-10_Juventus_Sassuolo_1037,2021-01-10,Fold 1,1.0,0.7871185,0.9968807752309352,0.8710234246801579
2021-01-13_Juventus_Genoa_1038,2021-01-13,Fold 1,0.0,0.755581,0.8841381475944879,0.8070038956649925
2021-01-17_Juventus_Inter_Milan_1039,2021-01-17,Fold 1,0.0,0.7918923,0.967763380832945,0.8622407383233208
2021-01-20_Juventus_Napoli_1040,2021-01-20,Fold 1,1.0,0.7601636,0.8707353495314473,0.8043923089009426
2021-01-24_Juventus_Bologna_1041,2021-01-24,Fold 1,0.0,0.7918923,1.032740599865813,0.888231625936468
2021-01-30_Juventus_Sampdoria_1042,2021-01-30,Fold 1,0.0,0.7976344,1.0051334512753902,0.8806340639799284
2021-02-02_Juventus_Inter_Milan_1043,2021-02-02,Fold 1,2.0,0.76567566,0.8373493064213618,0.7943451447792381
2021-02-06_Juventus_AS_Roma_1044,2021-02-06,Fold 1,1.0,0.7976344,0.9490714243097709,0.8582092531936807
2021-02-09_Juventus_Inter_Milan_1045,2021-02-09,Fold 1,0.0,0.76056856,0.842410378133653,0.7933052986762518
2021-02-13_Juventus_Napoli_1046,2021-02-13,Fold 1,0.0,0.7976344,0.9181117134727026,0.8458253688588534
2021-02-17_Juventus_FC_Porto_1047,2021-02-17,Fold 1,0.0,0.7555962,0.8679362534054077,0.800532257500011
2021-02-22_Juventus_Crotone_1048,2021-02-22,Fold 1,2.0,0.7672265,0.9198456905330045,0.8282742163358061
2021-02-27_Juventus_Verona_1049,2021-02-27,Fold 1,1.0,0.7672265,0.9113917950662528,0.8248926581491055
2021-03-02_Juventus_Spezia_1050,2021-03-02,Fold 1,1.0,0.78559375,1.044583714137419,0.8891897583524164
2021-03-06_Juventus_Lazio_1051,2021-03-06,Fold 1,0.0,0.75710464,0.939175357706695,0.8299329361467955
2021-03-09_Juventus_FC_Porto_1052,2021-03-09,Fold 1,0.0,0.7555962,0.8465661981843792,0.7919842354115996
2021-03-14_Juventus_Cagliari_1053,2021-03-14,Fold 1,3.0,0.7976344,0.9583504230522735,0.8619208526906817
2021-03-21_Juventus_Benevento_1054,2021-03-21,Fold 1,0.0,0.7976344,0.9856390855701428,0.8728363176978295
2021-03-24_Portugal_Azerbaijan_1055,2021-03-24,Fold 1,0.0,0.7916325,0.9112510387607596,0.8394799055460367
2021-03-27_Portugal_Serbia_1056,2021-03-27,Fold 1,0.0,0.7849178,0.8526546041044814,0.8120125345338671
2021-03-30_Portugal_Luxembourg_1057,2021-03-30,Fold 1,1.0,0.7916325,0.9628448937824945,0.8601174475547306
2021-04-03_Juventus_Torino_1058,2021-04-03,Fold 1,1.0,0.7976344,0.9756844390743692,0.86885445909952
2021-04-07_Juventus_Napoli_1059,2021-04-07,Fold 1,1.0,0.76210904,0.8869980397278746,0.8120646525404724
2021-04-11_Juventus_Genoa_1060,2021-04-11,Fold 1,0.0,0.7923142,1.0140954404135363,0.8810267030819184
2021-04-21_Juventus_Parma_1061,2021-04-21,Fold 1,0.0,0.7976344,1.021705695703731,0.8872629617512647
2021-04-25_Juventus_Fiorentina_1062,2021-04-25,Fold 1,0.0,0.7976344,0.9713924244193085,0.8671376532374957
2021-05-02_Juventus_Udinese_1063,2021-05-02,Fold 1,2.0,0.7976344,1.0091875349726391,0.882255697458828
2021-05-09_Juventus_AC_Milan_1064,2021-05-09,Fold 1,0.0,0.7555962,0.8340884920514642,0.7869931529584335
2021-05-12_Juventus_Sassuolo_1065,2021-05-12,Fold 1,1.0,0.7976344,0.9362343301967948,0.8530744155484903
2021-05-15_Juventus_Inter_Milan_1066,2021-05-15,Fold 1,1.0,0.7908689,0.9159154316733236,0.8408875116089962
2021-05-19_Juventus_Atalanta_1067,2021-05-19,Fold 1,0.0,0.72048384,0.7459453809992352,0.7306684680277459
2021-06-04_Portugal_Spain_1068,2021-06-04,Fold 1,0.0,0.75541806,0.749545651226648,0.7530691156981024
2021-06-09_Portugal_Israel_1069,2021-06-09,Fold 1,1.0,0.75541806,0.756353767106878,0.7557923620501945
2021-06-15_Portugal_Hungary_1070,2021-06-15,Fold 1,2.0,0.7795196,0.786395427774037,0.7822699476045947
2021-06-19_Portugal_Germany_1071,2021-06-19,Fold 1,1.0,0.7335107,0.7124113041970812,0.7250709433878932
2021-06-23_Portugal_France_1072,2021-06-23,Fold 1,2.0,0.7335107,0.7208579252684342,0.7284495918164344
2021-06-27_Portugal_Belgium_1073,2021-06-27,Fold 1,0.0,0.76775235,0.8987021453292855,0.8201322856391147
2021-08-22_Juventus_Udinese_1074,2021-08-22,Fold 2,0.0,0.7943216,0.9017485223924069,0.8372923967327655
2021-09-01_Portugal_Republic_of_Ireland_1075,2021-09-01,Fold 2,2.0,0.7390739,0.7367106976234231,0.7381286204704967
2021-09-11_Manchester_United_Newcastle_United_1076,2021-09-11,Fold 2,2.0,0.7820159,0.8430385907723557,0.806425017922483
2021-09-14_Manchester_United_BSC_Young_Boys_1077,2021-09-14,Fold 2,1.0,0.7883008,0.8632825625261328,0.8182935242780313
2021-09-19_Manchester_United_West_Ham_United_1078,2021-09-19,Fold 2,1.0,0.7376603,0.7388602892221087,0.7381403128171393
2021-09-25_Manchester_United_Aston_Villa_1079,2021-09-25,Fold 2,0.0,0.7883008,0.8357189276936311,0.8072680703450306
2021-09-29_Manchester_United_Villarreal_1080,2021-09-29,Fold 2,1.0,0.73183894,0.7444466453534422,0.7368820528881572
2021-10-02_Manchester_United_Everton_1081,2021-10-02,Fold 2,0.0,0.7883008,0.8208116302032871,0.8013051513488929
2021-10-09_Portugal_Qatar_1082,2021-10-09,Fold 2,1.0,0.7338091,0.7371343416830658,0.7351392107351923
2021-10-12_Portugal_Luxembourg_1083,2021-10-12,Fold 2,3.0,0.7943216,0.9216409326334043,0.8452493608291644
2021-10-16_Manchester_United_Leicester_City_1084,2021-10-16,Fold 2,0.0,0.7883008,0.8408119249425186,0.8093052692445856
2021-10-20_Manchester_United_Atalanta_1085,2021-10-20,Fold 2,1.0,0.7376603,0.7539720737393432,0.7441850266240332
2021-10-24_Manchester_United_Liverpool_1086,2021-10-24,Fold 2,0.0,0.7376603,0.7233803894033359,0.7319483528896302
2021-10-30_Manchester_United_Tottenham_Hotspur_1087,2021-10-30,Fold 2,1.0,0.7376603,0.7214508062686106,0.7311765196357402
2021-11-02_Manchester_United_Atalanta_1088,2021-11-02,Fold 2,2.0,0.7376603,0.7238336240546455,0.7321296467501541
2021-11-06_Manchester_United_Manchester_City_1089,2021-11-06,Fold 2,0.0,0.7376603,0.7325646938429925,0.7356220746654929
2021-11-11_Portugal_Republic_of_Ireland_1090,2021-11-11,Fold 2,0.0,0.7390739,0.7869308757429191,0.758216691718295
2021-11-14_Portugal_Serbia_1091,2021-11-14,Fold 2,0.0,0.7390739,0.7662320492611168,0.7499371611255741
2021-11-20_Manchester_United_Watford_1092,2021-11-20,Fold 2,0.0,0.7376603,0.7810562796497245,0.7550187089881857
2021-11-23_Manchester_United_Villarreal_1093,2021-11-23,Fold 2,1.0,0.73183894,0.7381461086884623,0.7343618382221653
2021-11-28_Manchester_United_Chelsea_1094,2021-11-28,Fold 2,0.0,0.73183894,0.6786121691658886,0.7105482624131358
2021-12-02_Manchester_United_Arsenal_1095,2021-12-02,Fold 2,2.0,0.7376603,0.7011000180581597,0.7230362043515598
2021-12-05_Manchester_United_Crystal_Palace_1096,2021-12-05,Fold 2,0.0,0.7376603,0.7202405432331775,0.730692414421567
2021-12-11_Manchester_United_Norwich_City_1097,2021-12-11,Fold 2,1.0,0.7376603,0.7089297025095901,0.726168078132132
2021-12-27_Manchester_United_Newcastle_United_1098,2021-12-27,Fold 2,0.0,0.7883008,0.8391336961351179,0.8086339777216254
2021-12-30_Manchester_United_Burnley_1099,2021-12-30,Fold 2,1.0,0.7376603,0.748035142020337,0.7418102539364307
2022-01-03_Manchester_United_Wolverhampton_Wanderers_1100,2022-01-03,Fold 2,0.0,0.7376603,0.7223089386176568,0.7315197725753586
2022-01-19_Manchester_United_Brentford_1101,2022-01-19,Fold 2,0.0,0.7376603,0.7222602321030734,0.7315002899695253
2022-01-22_Manchester_United_West_Ham_United_1102,2022-01-22,Fold 2,0.0,0.7376603,0.7423460044659022,0.7395345989146568
2022-02-04_Manchester_United_Middlesbrough_1103,2022-02-04,Fold 2,0.0,0.73240554,0.7077252798192735,0.7225334617659662
2022-02-08_Manchester_United_Burnley_1104,2022-02-08,Fold 2,0.0,0.7376603,0.7764292955109832,0.7531679153326891
2022-02-12_Manchester_United_Southampton_1105,2022-02-12,Fold 2,0.0,0.7376603,0.7763531276773316,0.7531374481992286
2022-02-15_Manchester_United_Brighton_1106,2022-02-15,Fold 2,1.0,0.7376603,0.7647869169129078,0.7485109638934591
2022-02-20_Manchester_United_Leeds_United_1107,2022-02-20,Fold 2,0.0,0.7376603,0.7360945703211873,0.7370340252567709
2022-02-23_Manchester_United_Atletico_Madrid_1108,2022-02-23,Fold 2,0.0,0.73183894,0.6984484710948428,0.7184827831847176
2022-02-26_Manchester_United_Watford_1109,2022-02-26,Fold 2,0.0,0.7376603,0.739624988920962,0.7384461926966808
2022-03-12_Manchester_United_Tottenham_Hotspur_1110,2022-03-12,Fold 2,3.0,0.7376603,0.7487251741947969,0.7420862668062147
2022-03-15_Manchester_United_Atletico_Madrid_1111,2022-03-15,Fold 2,0.0,0.73183894,0.6848972546991358,0.7130622966264347
2022-03-24_Portugal_Türkiye_1112,2022-03-24,Fold 2,0.0,0.7390739,0.7574410060060739,0.7464207438235568
2022-03-29_Portugal_North_Macedonia_1113,2022-03-29,Fold 2,0.0,0.7390739,0.7703429632510024,0.7515815267215282
2022-04-09_Manchester_United_Everton_1114,2022-04-09,Fold 2,0.0,0.7376603,0.7390805788642199,0.7382284286739839
2022-04-16_Manchester_United_Norwich_City_1115,2022-04-16,Fold 2,3.0,0.7376603,0.7292138055763506,0.7342817193588362
2022-04-23_Manchester_United_Arsenal_1116,2022-04-23,Fold 2,1.0,0.7376603,0.6578464636316284,0.7057347825809472
2022-04-28_Manchester_United_Chelsea_1117,2022-04-28,Fold 2,1.0,0.73183894,0.6843890295090665,0.712859006550407
2022-05-02_Manchester_United_Brentford_1118,2022-05-02,Fold 2,1.0,0.7376603,0.7506307893953944,0.7428485128864537
2022-05-07_Manchester_United_Brighton_1119,2022-05-07,Fold 2,0.0,0.7390739,0.7250000147828757,0.7334443473342775
2022-06-02_Portugal_Spain_1120,2022-06-02,Fold 2,0.0,0.7223835,0.7208285514756759,0.7217615260380396
2022-06-05_Portugal_Switzerland_1121,2022-06-05,Fold 2,2.0,0.7223835,0.7649308047938957,0.7394024273653275
2022-06-09_Portugal_Czech_Republic_1122,2022-06-09,Fold 2,0.0,0.7223835,0.8035094986139429,0.7548339048933463
2022-08-07_Manchester_United_Brighton_1123,2022-08-07,Fold 2,0.0,0.7376603,0.6639618205851168,0.7081809253623426
2022-08-13_Manchester_United_Brentford_1124,2022-08-13,Fold 2,0.0,0.7376603,0.6572392460802414,0.7054918955603925
2022-08-22_Manchester_United_Liverpool_1125,2022-08-22,Fold 2,0.0,0.7376603,0.7137943626677784,0.7281139421954073
2022-08-27_Manchester_United_Southampton_1126,2022-08-27,Fold 2,0.0,0.7376603,0.6850356061769582,0.7166104395990792
2022-09-01_Manchester_United_Leicester_City_1127,2022-09-01,Fold 2,0.0,0.7376603,0.6635236652757608,0.7080056632386003
2022-09-04_Manchester_United_Arsenal_1128,2022-09-04,Fold 2,0.0,0.73183894,0.6958628848243568,0.7174485486765232
2022-09-08_Manchester_United_Real_Sociedad_1129,2022-09-08,Fold 2,0.0,0.7210018,0.6626382813891618,0.6976564068015754
2022-09-15_Manchester_United_Sheriff_Tiraspol_1130,2022-09-15,Fold 2,1.0,0.7210018,0.5920435555649349,0.6694185164718847
2022-09-24_Portugal_Czech_Republic_1131,2022-09-24,Fold 2,0.0,0.7763836,0.8060284355717965,0.788241551297429
2022-09-27_Portugal_Spain_1132,2022-09-27,Fold 2,0.0,0.7223835,0.7001906436303104,0.7135063628998933
2022-10-06_Manchester_United_Omonia_Nicosia_1133,2022-10-06,Fold 2,0.0,0.7210018,0.6007540770455431,0.6729027250641278
2022-10-09_Manchester_United_Everton_1134,2022-10-09,Fold 2,1.0,0.7376603,0.701988650914414,0.7233916574940615
2022-10-13_Manchester_United_Omonia_Nicosia_1135,2022-10-13,Fold 2,0.0,0.7210018,0.6202315396945222,0.6806937101237195
2022-10-16_Manchester_United_Newcastle_United_1136,2022-10-16,Fold 2,0.0,0.7883008,0.8137217850019676,0.7984692132683652
2022-10-27_Manchester_United_Sheriff_Tiraspol_1137,2022-10-27,Fold 2,1.0,0.7210018,0.627349008311783,0.6835406975706239
2022-10-30_Manchester_United_West_Ham_United_1138,2022-10-30,Fold 2,0.0,0.7376603,0.6910626613096025,0.719021261652137
2022-11-03_Manchester_United_Real_Sociedad_1139,2022-11-03,Fold 2,0.0,0.7210018,0.6180262556406965,0.6798115965021893
2022-11-06_Manchester_United_Aston_Villa_1140,2022-11-06,Fold 2,0.0,0.7883008,0.7966686027499247,0.791647940367548
2022-11-24_Portugal_Ghana_1141,2022-11-24,Fold 2,1.0,0.7223835,0.7112028784508709,0.7179112568281176
2022-11-28_Portugal_Uruguay_1142,2022-11-28,Fold 2,0.0,0.7223835,0.664168569543425,0.6990975332651392
2022-12-02_Portugal_South_Korea_1143,2022-12-02,Fold 2,0.0,0.7223835,0.7031990356411215,0.7147097197042178
2022-12-06_Portugal_Switzerland_1144,2022-12-06,Fold 2,0.0,0.7223835,0.7350989120579177,0.7274696702709362
2022-12-10_Portugal_Morocco_1145,2022-12-10,Fold 2,0.0,0.7223835,0.7091853281486518,0.7171042367072299
2023-01-22_Al-Nassr_Al-Ettifaq_1146,2023-01-22,Fold 3,0.0,0.6947337,0.48779997152949395,0.6119602140699427
2023-01-26_Al-Nassr_Al-Ittihad_FC_1147,2023-01-26,Fold 3,0.0,0.6947337,0.4565662438842655,0.5994667230118513
2023-02-03_Al-Nassr_Al-Fateh_1148,2023-02-03,Fold 3,1.0,0.6947337,0.47954622704064664,0.6086587162744038
2023-02-09_Al-Nassr_Al_Wehda_Club_1149,2023-02-09,Fold 3,4.0,0.6947337,0.4694707827789565,0.6046285385697278
2023-02-17_Al-Nassr_Al_Taawon_1150,2023-02-17,Fold 3,0.0,0.70285434,0.6126091899293657,0.6667562831170557
2023-02-25_Al-Nassr_Dhamk_1151,2023-02-25,Fold 3,3.0,0.70285434,0.5768929522155877,0.6524697880315445
2023-03-03_Al-Nassr_Al_Baten_1152,2023-03-03,Fold 3,0.0,0.70285434,0.622116766246805,0.6705593136440314
2023-03-09_Al-Nassr_Al-Ittihad_FC_1153,2023-03-09,Fold 3,0.0,0.70285434,0.5791844417853423,0.6533863838594464
2023-03-14_Al-Nassr_Abha_1154,2023-03-14,Fold 3,0.0,0.70285434,0.5873632059591307,0.6566578895289618
2023-03-18_Al-Nassr_Abha_1155,2023-03-18,Fold 3,1.0,0.7067559,0.6070804335368517,0.6668857231812813
2023-03-23_Portugal_Liechtenstein_1156,2023-03-23,Fold 3,2.0,0.71716815,0.6550785000425046,0.6923323212187078
2023-03-26_Portugal_Luxembourg_1157,2023-03-26,Fold 3,2.0,0.7698442,0.783141770407715,0.775163230675522
2023-04-04_Al-Nassr_Al-Adalah_1158,2023-04-04,Fold 3,2.0,0.70819,0.602736334262922,0.6660085659260092
2023-04-09_Al-Nassr_Al-Fayha_1159,2023-04-09,Fold 3,0.0,0.70819,0.6280927320358214,0.676151125035169
2023-04-18_Al-Nassr_Al-Hilal_1160,2023-04-18,Fold 3,0.0,0.70819,0.6136272511527275,0.6703649326819314
2023-04-24_Al-Nassr_Al_Wehda_Club_1161,2023-04-24,Fold 3,0.0,0.7067559,0.6482739870989368,0.6833631446061152
2023-04-28_Al-Nassr_Al-Raed_1162,2023-04-28,Fold 3,1.0,0.70819,0.6565477644966108,0.6875331380194848
2023-05-08_Al-Nassr_Al_Khaleej_Saihat_1163,2023-05-08,Fold 3,0.0,0.70819,0.6488073093423973,0.6844369559577994
2023-05-16_Al-Nassr_Al_Taee_1164,2023-05-16,Fold 3,1.0,0.70819,0.6003579060156409,0.6650571946270968
2023-05-23_Al-Nassr_Al_Shabab_1165,2023-05-23,Fold 3,1.0,0.70819,0.6259678805731083,0.6753011844500838
2023-05-27_Al-Nassr_Al-Ettifaq_1166,2023-05-27,Fold 3,0.0,0.70819,0.622061360011147,0.6737385762252992
2023-06-17_Portugal_Bosnia_&_Herzegovina_1167,2023-06-17,Fold 3,0.0,0.71716815,0.6777138792568537,0.7013864729044474
2023-06-20_Portugal_Iceland_1168,2023-06-20,Fold 3,1.0,0.72268313,0.6690776600796874,0.7012409668906091
2023-07-28_Al-Nassr_Al_Shabab_1169,2023-07-28,Fold 3,0.0,0.7067559,0.5748588984442153,0.6539971091442267
2023-07-31_Al-Nassr_US_Monastirienne_1170,2023-07-31,Fold 3,1.0,0.70285434,0.5518379614495507,0.6424477917251297
2023-08-03_Al-Nassr_Zamalek_SC_1171,2023-08-03,Fold 3,1.0,0.70285434,0.5674048939059602,0.6486745647076935
2023-08-06_Al-Nassr_Raja_Casablanca_1172,2023-08-06,Fold 3,1.0,0.70285434,0.6125770472450266,0.66674342604332
2023-08-09_Al-Nassr_Al_Shorta_1173,2023-08-09,Fold 3,1.0,0.70285434,0.6026367763684991,0.6627673176927091
2023-08-12_Al-Nassr_Al-Hilal_1174,2023-08-12,Fold 3,2.0,0.70285434,0.5978884995141038,0.6608680069509509
2023-08-18_Al-Nassr_Al_Taawon_1175,2023-08-18,Fold 3,0.0,0.7121212,0.6661163992267726,0.6937192967169237
2023-08-22_Al-Nassr_Shabab_Al_Ahli_Dubai_1176,2023-08-22,Fold 3,0.0,0.70285434,0.600348602763547,0.6618520482507282
2023-08-25_Al-Nassr_Al-Fateh_1177,2023-08-25,Fold 3,3.0,0.7121212,0.6532297439568971,0.6885646346089735
2023-08-29_Al-Nassr_Al_Shabab_1178,2023-08-29,Fold 3,2.0,0.70819,0.6459782896296269,0.6833053480726912
2023-09-02_Al-Nassr_Al-Hazm_1179,2023-09-02,Fold 3,1.0,0.70819,0.6521087197488677,0.6857575201203876
2023-09-08_Portugal_Slovakia_1180,2023-09-08,Fold 3,0.0,0.7186937,0.7443640296912192,0.7289618220033645
2023-09-16_Al-Nassr_Al-Raed_1181,2023-09-16,Fold 3,1.0,0.7121212,0.6564904504708027,0.6898689172145357
2023-09-19_Al-Nassr_Persepolis_FC_1182,2023-09-19,Fold 3,0.0,0.70285434,0.5903768764555466,0.6578633577275281
2023-09-22_Al-Nassr_Al-Ahli_Jeddah_1183,2023-09-22,Fold 3,2.0,0.70819,0.6882830419566033,0.7002272490034818
2023-09-29_Al-Nassr_Al_Taee_1184,2023-09-29,Fold 3,1.0,0.7121212,0.6816493251550526,0.6999324670882356
2023-10-02_Al-Nassr_Istiqlol_1185,2023-10-02,Fold 3,1.0,0.70285434,0.6320476468998014,0.6745316659052301
2023-10-06_Al-Nassr_Abha_1186,2023-10-06,Fold 3,0.0,0.7121212,0.7140163771612094,0.7128792878906984
2023-10-13_Portugal_Slovakia_1187,2023-10-13,Fold 3,2.0,0.77823806,0.8527445245919643,0.8080406566118407
2023-10-16_Portugal_Bosnia_&_Herzegovina_1188,2023-10-16,Fold 3,2.0,0.7825581,0.8352476311110643,0.8036339264068281
2023-10-21_Al-Nassr_Damac_1189,2023-10-21,Fold 3,1.0,0.70819,0.6921067244002642,0.7017567219809462
2023-10-24_Al-Nassr_Al-Duhail_SC_1190,2023-10-24,Fold 3,2.0,0.70285434,0.6301499955994496,0.6737726053850893
2023-10-28_Al-Nassr_Al-Fayha_1191,2023-10-28,Fold 3,0.0,0.70819,0.6624798985008046,0.6899059916211623
2023-10-31_Al-Nassr_Al-Ettifaq_1192,2023-10-31,Fold 3,0.0,0.70285434,0.6117315898529513,0.66640524308649
2023-11-04_Al-Nassr_Al_Khaleej_Saihat_1193,2023-11-04,Fold 3,1.0,0.70819,0.691198890817052,0.7013935885476612
2023-11-11_Al-Nassr_Al_Wehda_Club_1194,2023-11-11,Fold 3,1.0,0.7121212,0.7176210891069449,0.7143211726689926
2023-11-16_Portugal_Liechtenstein_1195,2023-11-16,Fold 3,1.0,0.7825581,0.8123684379448419,0.7944822491403392
2023-11-19_Portugal_Iceland_1196,2023-11-19,Fold 3,0.0,0.7825581,0.8295753923681032,0.8013650309096436
2023-11-24_Al-Nassr_Al_Okhdood_1197,2023-11-24,Fold 3,2.0,0.7136359,0.7429854830427391,0.725375752064523
2023-11-27_Al-Nassr_Persepolis_FC_1198,2023-11-27,Fold 3,0.0,0.73384154,0.7917161233008214,0.7569913842988136
2023-12-01_Al-Nassr_Al-Hilal_1199,2023-12-01,Fold 3,0.0,0.7186937,0.7277141288622971,0.7223018616717958
2023-12-08_Al-Nassr_Al_Riyadh_1200,2023-12-08,Fold 3,1.0,0.71320915,0.736575862785795,0.7225558424077902
2023-12-11_Al-Nassr_Al_Shabab_1201,2023-12-11,Fold 3,1.0,0.7067559,0.6646481972525955,0.6899128286675787
2023-12-22_Al-Nassr_Al-Ettifaq_1202,2023-12-22,Fold 3,1.0,0.7405421,0.8256166940040724,0.7745719756725367
2023-12-26_Al-Nassr_Al-Ittihad_FC_1203,2023-12-26,Fold 3,2.0,0.7186937,0.7071082475589734,0.7140595091504662
2023-12-30_Al-Nassr_Al_Taawon_1204,2023-12-30,Fold 3,1.0,0.7186937,0.7473305453157654,0.7301484282531829
2024-02-14_Al-Nassr_Al-Fayha_1205,2024-02-14,Fold 4,1.0,0.7741808,0.8348043796690371,0.7984302555430757
2024-02-17_Al-Nassr_Al-Fateh_1206,2024-02-17,Fold 4,1.0,0.7894033,0.9621352406766408,0.8584961176882742
2024-02-21_Al-Nassr_Al-Fayha_1207,2024-02-21,Fold 4,1.0,0.7741808,0.8660740234549782,0.8109381130574521
2024-02-25_Al-Nassr_Al_Shabab_1208,2024-02-25,Fold 4,1.0,0.7894033,0.9474166779199604,0.852608692585602
2024-03-04_Al-Nassr_Al_Ain_1209,2024-03-04,Fold 4,0.0,0.7741808,0.8453725279829968,0.8026575148686595
2024-03-07_Al-Nassr_Al-Raed_1210,2024-03-07,Fold 4,0.0,0.7894033,0.9924087973948916,0.8706055403755745
2024-03-11_Al-Nassr_Al_Ain_1211,2024-03-11,Fold 4,1.0,0.7216738,0.7886938216520848,0.7484818185263278
2024-03-15_Al-Nassr_Al-Ahli_Jeddah_1212,2024-03-15,Fold 4,1.0,0.7894033,0.9971255217692377,0.8724922301253129
2024-03-26_Portugal_Slovenia_1213,2024-03-26,Fold 4,0.0,0.78505945,0.7612598843915774,0.7755396428721553
2024-03-30_Al-Nassr_Al_Taee_1214,2024-03-30,Fold 4,3.0,0.7894033,1.0111296444301017,0.8780938791896584
2024-04-02_Al-Nassr_Abha_1215,2024-04-02,Fold 4,3.0,0.7894033,0.9666660459453408,0.8603084397957541
2024-04-05_Al-Nassr_Damac_1216,2024-04-05,Fold 4,0.0,0.7894033,0.9855541851604153,0.867863695481784
2024-04-08_Al-Nassr_Al-Hilal_1217,2024-04-08,Fold 4,0.0,0.7216738,0.767744072473358,0.740101918854837
2024-04-27_Al-Nassr_Al_Khaleej_Saihat_1218,2024-04-27,Fold 4,0.0,0.7894033,0.9395389909084935,0.8494576177810151
2024-05-01_Al-Nassr_Al_Khaleej_Saihat_1219,2024-05-01,Fold 4,2.0,0.7741808,0.8427138316180631,0.8015940363226861
2024-05-04_Al-Nassr_Al_Wehda_Club_1220,2024-05-04,Fold 4,3.0,0.7894033,0.9841723204495115,0.8673109495974225
2024-05-09_Al-Nassr_Al_Okhdood_1221,2024-05-09,Fold 4,1.0,0.7894033,0.9800853321924041,0.8656761542945794
2024-05-17_Al-Nassr_Al-Hilal_1222,2024-05-17,Fold 4,0.0,0.7358638,0.8810583813398686,0.7939416592681252
2024-05-23_Al-Nassr_Al_Riyadh_1223,2024-05-23,Fold 4,0.0,0.7894033,0.9944965749233642,0.8714406513869635
2024-05-27_Al-Nassr_Al-Ittihad_FC_1224,2024-05-27,Fold 4,2.0,0.7358638,0.8924024266920958,0.7984792774090161
2024-05-31_Al-Nassr_Al-Hilal_1225,2024-05-31,Fold 4,0.0,0.7216738,0.7910725606664812,0.7494333141320864
2024-06-11_Portugal_Republic_of_Ireland_1226,2024-06-11,Fold 4,2.0,0.73181456,0.7407597317268787,0.7353926544972396
2024-06-18_Portugal_Czech_Republic_1227,2024-06-18,Fold 4,0.0,0.78505945,0.7866232052922946,0.7856849712324421
2024-06-22_Portugal_Türkiye_1228,2024-06-22,Fold 4,0.0,0.78505945,0.8042139486139024,0.7927212685610853
2024-06-26_Portugal_Georgia_1229,2024-06-26,Fold 4,0.0,0.78505945,0.8141458857031767,0.7966940433967951
2024-07-01_Portugal_Slovenia_1230,2024-07-01,Fold 4,0.0,0.73181456,0.7283337240254835,0.7304222514166814
2024-07-05_Portugal_France_1231,2024-07-05,Fold 4,0.0,0.73181456,0.7214081036887882,0.7276520032820033
2024-08-14_Al-Nassr_Al_Taawon_1232,2024-08-14,Fold 4,1.0,0.7741808,0.7491277320890437,0.7641595965110783
2024-08-17_Al-Nassr_Al-Hilal_1233,2024-08-17,Fold 4,1.0,0.7216738,0.7170976401036838,0.7198433459069673
2024-08-22_Al-Nassr_Al-Raed_1234,2024-08-22,Fold 4,1.0,0.7894033,0.9695668316152355,0.861468754063712
2024-08-27_Al-Nassr_Al-Fayha_1235,2024-08-27,Fold 4,1.0,0.7894033,0.9219396867696263,0.8424178961254684
2024-09-05_Portugal_Croatia_1236,2024-09-05,Fold 4,1.0,0.7741808,0.769540144049125,0.7723245612951108
2024-09-08_Portugal_Scotland_1237,2024-09-08,Fold 4,1.0,0.7216738,0.6939769073301196,0.7105950527975416
2024-09-13_Al-Nassr_Al-Ahli_Jeddah_1238,2024-09-13,Fold 4,0.0,0.7894033,0.981946794033568,0.866420739031045
2024-09-20_Al-Nassr_Al-Ettifaq_1239,2024-09-20,Fold 4,1.0,0.7894033,0.9514712549452582,0.854230523395721
2024-09-27_Al-Nassr_Al_Wehda_Club_1240,2024-09-27,Fold 4,1.0,0.7894033,0.9853770582645097,0.8677928447234218
2024-09-30_Al-Nassr_Al-Rayyan_SC_1241,2024-09-30,Fold 4,1.0,0.7741808,0.8286308289037168,0.7959608352369476
2024-10-05_Al-Nassr_Al_Orubah_1242,2024-10-05,Fold 4,1.0,0.7894033,0.9584989852949262,0.8570416155355882
2024-10-12_Portugal_Poland_1243,2024-10-12,Fold 4,1.0,0.73181456,0.6846130799780471,0.7129339937977068
2024-10-15_Portugal_Scotland_1244,2024-10-15,Fold 4,0.0,0.78505945,0.7838418139139188,0.7845724146810918
2024-10-18_Al-Nassr_Al_Shabab_1245,2024-10-18,Fold 4,1.0,0.7894033,0.9264183898587559,0.8442093773611201
2024-10-22_Al-Nassr_Esteghlal_FC_1246,2024-10-22,Fold 4,0.0,0.7741808,0.8341058516169244,0.7981508443222306
2024-10-29_Al-Nassr_Al_Taawon_1247,2024-10-29,Fold 4,0.0,0.7741808,0.8306154190687075,0.7967546713029439
2024-11-01_Al-Nassr_Al-Hilal_1248,2024-11-01,Fold 4,0.0,0.7358638,0.8507677946656387,0.7818254245984333
2024-11-05_Al-Nassr_Al_Ain_1249,2024-11-05,Fold 4,1.0,0.7216738,0.8180563965620536,0.7602268484903152
2024-11-08_Al-Nassr_Al_Riyadh_1250,2024-11-08,Fold 4,0.0,0.7894033,0.9488315302189447,0.8531746335051957
2024-11-15_Portugal_Poland_1251,2024-11-15,Fold 4,2.0,0.73181456,0.7011439041714421,0.719546323475065
2024-11-22_Al-Nassr_Al-Qadisiyah_FC_1252,2024-11-22,Fold 4,1.0,0.7894033,0.9730566427877958,0.8628646785327361
2024-11-25_Al-Nassr_Al-Gharafa_1253,2024-11-25,Fold 4,2.0,0.7741808,0.8668019443477315,0.8112292814145534
2024-11-29_Al-Nassr_Damac_1254,2024-11-29,Fold 4,2.0,0.7894033,0.9792256134415194,0.8653322667942256
2024-12-06_Al-Nassr_Al-Ittihad_FC_1255,2024-12-06,Fold 4,1.0,0.7894033,0.9536608872567267,0.8551063763203085
