match_id,date,fold,y_true,y_pred
2018-08-18_Juventus_Chievo_916,2018-08-18,Fold 1,0,0.6624418769802598
2018-08-25_Juventus_Lazio_917,2018-08-25,Fold 1,0,0.6914146627640759
2018-09-01_Juventus_Parma_918,2018-09-01,Fold 1,0,0.6819595721371227
2018-09-16_Juventus_Sassuolo_919,2018-09-16,Fold 1,2,0.6840104339892256
2018-09-19_Juventus_Valencia_920,2018-09-19,Fold 1,0,0.7437818090451483
2018-09-23_Juventus_Frosinone_921,2018-09-23,Fold 1,1,0.707060681783453
2018-09-26_Juventus_Bologna_922,2018-09-26,Fold 1,0,0.7242054159408762
2018-09-29_Juventus_Napoli_923,2018-09-29,Fold 1,0,0.7264980895411498
2018-10-06_Juventus_Udinese_924,2018-10-06,Fold 1,1,0.7104009986613578
2018-10-20_Juventus_Genoa_925,2018-10-20,Fold 1,1,0.7203551782151494
2018-10-23_Juventus_Manchester_United_926,2018-10-23,Fold 1,0,0.7389625904990793
2018-10-27_Juventus_Empoli_927,2018-10-27,Fold 1,2,0.716497884733458
2018-11-03_Juventus_Cagliari_928,2018-11-03,Fold 1,0,0.7389230590463027
2018-11-07_Juventus_Manchester_United_929,2018-11-07,Fold 1,1,0.7554693669115918
2018-11-11_Juventus_AC_Milan_930,2018-11-11,Fold 1,1,0.7394812097532683
2018-11-24_Juventus_Spal_931,2018-11-24,Fold 1,1,0.7361505728874407
2018-11-27_Juventus_Valencia_932,2018-11-27,Fold 1,0,0.7863481524283457
2018-12-01_Juventus_Fiorentina_933,2018-12-01,Fold 1,1,0.7306522731703269
2018-12-07_Juventus_Inter_Milan_934,2018-12-07,Fold 1,0,0.7557646881582721
2018-12-12_Juventus_BSC_Young_Boys_935,2018-12-12,Fold 1,0,0.7341938456399616
2018-12-15_Juventus_Torino_936,2018-12-15,Fold 1,1,0.7216841257139377
2018-12-22_Juventus_AS_Roma_937,2018-12-22,Fold 1,0,0.7577148323783448
2018-12-26_Juventus_Atalanta_938,2018-12-26,Fold 1,1,0.7205390172011106
2018-12-29_Juventus_Sampdoria_939,2018-12-29,Fold 1,2,0.7327016150822652
2019-01-12_Juventus_Bologna_940,2019-01-12,Fold 1,0,0.7375202947829953
2019-01-16_Juventus_AC_Milan_941,2019-01-16,Fold 1,1,0.7508144910007964
2019-01-21_Juventus_Chievo_942,2019-01-21,Fold 1,0,0.7540053253750746
2019-01-27_Juventus_Lazio_943,2019-01-27,Fold 1,1,0.7414672518491222
2019-01-30_Juventus_Atalanta_944,2019-01-30,Fold 1,0,0.7443020329695226
2019-02-02_Juventus_Parma_945,2019-02-02,Fold 1,2,0.7455325301052877
2019-02-10_Juventus_Sassuolo_946,2019-02-10,Fold 1,1,0.7715822915189644
2019-02-15_Juventus_Frosinone_947,2019-02-15,Fold 1,1,0.7806193209928836
2019-02-20_Juventus_Atletico_Madrid_948,2019-02-20,Fold 1,0,0.7830932003597001
2019-02-24_Juventus_Bologna_949,2019-02-24,Fold 1,0,0.7572461447584041
2019-03-03_Juventus_Napoli_950,2019-03-03,Fold 1,0,0.7499163458229318
2019-03-12_Juventus_Atletico_Madrid_951,2019-03-12,Fold 1,3,0.7504024654781888
2019-03-22_Portugal_Ukraine_952,2019-03-22,Fold 1,0,0.7435461092159703
2019-03-25_Portugal_Serbia_953,2019-03-25,Fold 1,0,0.7451945747896942
2019-04-10_Juventus_Ajax_954,2019-04-10,Fold 1,1,0.7647124847713691
2019-04-16_Juventus_Ajax_955,2019-04-16,Fold 1,1,0.7783442862092794
2019-04-20_Juventus_Fiorentina_956,2019-04-20,Fold 1,0,0.7699659141525373
2019-04-27_Juventus_Inter_Milan_957,2019-04-27,Fold 1,1,0.7432845091587056
2019-05-03_Juventus_Torino_958,2019-05-03,Fold 1,1,0.7613403364752429
2019-05-12_Juventus_AS_Roma_959,2019-05-12,Fold 1,0,0.75655580848285
2019-05-19_Juventus_Atalanta_960,2019-05-19,Fold 1,0,0.738834010948619
2019-06-05_Portugal_Switzerland_961,2019-06-05,Fold 1,3,0.7239984498863477
2019-06-09_Portugal_Netherlands_962,2019-06-09,Fold 1,0,0.7776645295000209
2019-08-24_Juventus_Parma_963,2019-08-24,Fold 1,0,0.7249698557424705
2019-08-31_Juventus_Napoli_964,2019-08-31,Fold 1,1,0.7301009936164629
2019-09-07_Portugal_Serbia_965,2019-09-07,Fold 1,1,0.7269225858121025
2019-09-10_Portugal_Lithuania_966,2019-09-10,Fold 1,4,0.7441156384765222
2019-09-14_Juventus_Fiorentina_967,2019-09-14,Fold 1,0,0.7733661371005929
2019-09-18_Juventus_Atletico_Madrid_968,2019-09-18,Fold 1,0,0.7714456679316197
2019-09-21_Juventus_Verona_969,2019-09-21,Fold 1,1,0.7432190884313299
2019-09-28_Juventus_Spal_970,2019-09-28,Fold 1,1,0.7751374076582805
2019-10-01_Juventus_Bayer_Leverkusen_971,2019-10-01,Fold 1,1,0.7626564963818957
2019-10-06_Juventus_Inter_Milan_972,2019-10-06,Fold 1,0,0.7584867979850382
2019-10-11_Portugal_Luxembourg_973,2019-10-11,Fold 1,1,0.7825710553599475
2019-10-14_Portugal_Ukraine_974,2019-10-14,Fold 1,1,0.7522706065817106
2019-10-19_Juventus_Bologna_975,2019-10-19,Fold 1,1,0.77051383465326
2019-10-22_Juventus_Lokomotiv_Moscow_976,2019-10-22,Fold 1,0,0.7665608246030929
2019-10-30_Juventus_Genoa_977,2019-10-30,Fold 1,1,0.7627587363977248
2019-11-02_Juventus_Torino_978,2019-11-02,Fold 1,0,0.769287586269222
2019-11-06_Juventus_Lokomotiv_Moscow_979,2019-11-06,Fold 1,0,0.7595313620309022
2019-11-10_Juventus_AC_Milan_980,2019-11-10,Fold 1,0,0.7658216166861783
2019-11-14_Portugal_Lithuania_981,2019-11-14,Fold 1,3,0.7677769923291707
2019-11-17_Portugal_Luxembourg_982,2019-11-17,Fold 1,1,0.7826433803446974
2019-11-26_Juventus_Atletico_Madrid_983,2019-11-26,Fold 1,0,0.7859698256293304
2019-12-01_Juventus_Sassuolo_984,2019-12-01,Fold 1,1,0.7831288871762017
2019-12-07_Juventus_Lazio_985,2019-12-07,Fold 1,1,0.7629405975399647
2019-12-11_Juventus_Bayer_Leverkusen_986,2019-12-11,Fold 1,1,0.7784145535267546
2019-12-15_Juventus_Udinese_987,2019-12-15,Fold 1,2,0.7794442317229219
2019-12-18_Juventus_Sampdoria_988,2019-12-18,Fold 1,1,0.7865654995112288
2019-12-22_Juventus_Lazio_989,2019-12-22,Fold 1,0,0.793618230064466
2020-01-06_Juventus_Cagliari_990,2020-01-06,Fold 1,3,0.7686969137924424
2020-01-12_Juventus_AS_Roma_991,2020-01-12,Fold 1,1,0.7836283857089558
2020-01-19_Juventus_Parma_992,2020-01-19,Fold 1,2,0.7949685830186757
2020-01-22_Juventus_AS_Roma_993,2020-01-22,Fold 1,1,0.7929844457463366
2020-01-26_Juventus_Napoli_994,2020-01-26,Fold 1,1,0.7983331357207358
2020-02-02_Juventus_Fiorentina_995,2020-02-02,Fold 1,2,0.8012143684996934
2020-02-08_Juventus_Verona_996,2020-02-08,Fold 1,1,0.804807092833447
2020-02-13_Juventus_AC_Milan_997,2020-02-13,Fold 1,1,0.792664618814772
2020-02-22_Juventus_Spal_998,2020-02-22,Fold 1,1,0.7981231399866093
2020-02-26_Juventus_Lyon_999,2020-02-26,Fold 1,0,0.794983644899846
2020-03-08_Juventus_Inter_Milan_1000,2020-03-08,Fold 1,0,0.7827299419801483
2020-06-12_Juventus_AC_Milan_1001,2020-06-12,Fold 1,0,0.7571565482016057
2020-06-17_Juventus_Napoli_1002,2020-06-17,Fold 1,0,0.743474332707951
2020-06-22_Juventus_Bologna_1003,2020-06-22,Fold 1,1,0.7409891643284032
2020-06-26_Juventus_Lecce_1004,2020-06-26,Fold 1,1,0.738805740303023
2020-06-30_Juventus_Genoa_1005,2020-06-30,Fold 1,1,0.7662625869762147
2020-07-04_Juventus_Torino_1006,2020-07-04,Fold 1,1,0.7767731313867241
2020-07-07_Juventus_AC_Milan_1007,2020-07-07,Fold 1,1,0.7779386027618368
2020-07-11_Juventus_Atalanta_1008,2020-07-11,Fold 1,2,0.7791722240863431
2020-07-15_Juventus_Sassuolo_1009,2020-07-15,Fold 1,0,0.8007328419067662
2020-07-20_Juventus_Lazio_1010,2020-07-20,Fold 1,2,0.7841007466314281
2020-07-23_Juventus_Udinese_1011,2020-07-23,Fold 1,0,0.8002891266374035
2020-07-26_Juventus_Sampdoria_1012,2020-07-26,Fold 1,1,0.7973867991580398
2020-07-29_Juventus_Cagliari_1013,2020-07-29,Fold 1,0,0.7924357445439948
2020-08-07_Juventus_Lyon_1014,2020-08-07,Fold 1,2,0.754654154333137
2020-09-08_Portugal_Sweden_1015,2020-09-08,Fold 1,2,0.7804458187378607
2020-09-20_Juventus_Sampdoria_1016,2020-09-20,Fold 1,1,0.8024464079303544
2020-09-27_Juventus_AS_Roma_1017,2020-09-27,Fold 1,2,0.790343432999524
2020-10-07_Portugal_Spain_1018,2020-10-07,Fold 1,0,0.790991828964962
2020-10-11_Portugal_France_1019,2020-10-11,Fold 1,0,0.7645598322406683
2020-11-01_Juventus_Spezia_1020,2020-11-01,Fold 1,2,0.7447289154409895
2020-11-04_Juventus_Ferencvarosi_TC_1021,2020-11-04,Fold 1,0,0.7625825136852119
2020-11-08_Juventus_Lazio_1022,2020-11-08,Fold 1,1,0.7820848379996026
2020-11-11_Portugal_Andorra_1023,2020-11-11,Fold 1,1,0.7966567135650551
2020-11-14_Portugal_France_1024,2020-11-14,Fold 1,0,0.7733886311650694
2020-11-17_Portugal_Croatia_1025,2020-11-17,Fold 1,0,0.7707929233564578
2020-11-21_Juventus_Cagliari_1026,2020-11-21,Fold 1,2,0.7798759304661771
2020-11-24_Juventus_Ferencvarosi_TC_1027,2020-11-24,Fold 1,1,0.790285845414948
2020-12-02_Juventus_Dynamo_Kyiv_1028,2020-12-02,Fold 1,1,0.7987966180176681
2020-12-05_Juventus_Torino_1029,2020-12-05,Fold 1,0,0.7982904616091736
2020-12-08_Juventus_Barcelona_1030,2020-12-08,Fold 1,2,0.7776628120190219
2020-12-13_Juventus_Genoa_1031,2020-12-13,Fold 1,2,0.796059426921083
2020-12-16_Juventus_Atalanta_1032,2020-12-16,Fold 1,0,0.7996643265396746
2020-12-19_Juventus_Parma_1033,2020-12-19,Fold 1,2,0.7962304365751478
2020-12-22_Juventus_Fiorentina_1034,2020-12-22,Fold 1,0,0.8091929115795619
2021-01-03_Juventus_Udinese_1035,2021-01-03,Fold 1,2,0.7937797275413736
2021-01-06_Juventus_AC_Milan_1036,2021-01-06,Fold 1,0,0.795868895920611
2021-01-10_Juventus_Sassuolo_1037,2021-01-10,Fold 1,1,0.8002240319740931
2021-01-13_Juventus_Genoa_1038,2021-01-13,Fold 1,0,0.8062476544944979
2021-01-17_Juventus_Inter_Milan_1039,2021-01-17,Fold 1,0,0.7850610908678868
2021-01-20_Juventus_Napoli_1040,2021-01-20,Fold 1,1,0.7810497431756491
2021-01-24_Juventus_Bologna_1041,2021-01-24,Fold 1,0,0.7932897546413512
2021-01-30_Juventus_Sampdoria_1042,2021-01-30,Fold 1,0,0.787387695984515
2021-02-02_Juventus_Inter_Milan_1043,2021-02-02,Fold 1,2,0.7538731182339035
2021-02-06_Juventus_AS_Roma_1044,2021-02-06,Fold 1,1,0.7950633561868241
2021-02-09_Juventus_Inter_Milan_1045,2021-02-09,Fold 1,0,0.7894721734674719
2021-02-13_Juventus_Napoli_1046,2021-02-13,Fold 1,0,0.7758362059737038
2021-02-17_Juventus_FC_Porto_1047,2021-02-17,Fold 1,0,0.757521652310636
2021-02-22_Juventus_Crotone_1048,2021-02-22,Fold 1,2,0.7435785236292459
2021-02-27_Juventus_Verona_1049,2021-02-27,Fold 1,1,0.769207654581764
2021-03-02_Juventus_Spezia_1050,2021-03-02,Fold 1,1,0.793998237409677
2021-03-06_Juventus_Lazio_1051,2021-03-06,Fold 1,0,0.7909790988856279
2021-03-09_Juventus_FC_Porto_1052,2021-03-09,Fold 1,0,0.7734075385902806
2021-03-14_Juventus_Cagliari_1053,2021-03-14,Fold 1,3,0.7861291375441652
2021-03-21_Juventus_Benevento_1054,2021-03-21,Fold 1,0,0.7748901338777479
2021-03-24_Portugal_Azerbaijan_1055,2021-03-24,Fold 1,0,0.7795362616838714
2021-03-27_Portugal_Serbia_1056,2021-03-27,Fold 1,0,0.757847914431237
2021-03-30_Portugal_Luxembourg_1057,2021-03-30,Fold 1,1,0.7780201663469138
2021-04-03_Juventus_Torino_1058,2021-04-03,Fold 1,1,0.7826890045639763
2021-04-07_Juventus_Napoli_1059,2021-04-07,Fold 1,1,0.7818370660223661
2021-04-11_Juventus_Genoa_1060,2021-04-11,Fold 1,0,0.8002088520307612
2021-04-21_Juventus_Parma_1061,2021-04-21,Fold 1,0,0.7921992447796867
2021-04-25_Juventus_Fiorentina_1062,2021-04-25,Fold 1,0,0.76871196969262
2021-05-02_Juventus_Udinese_1063,2021-05-02,Fold 1,2,0.7743525918178774
2021-05-09_Juventus_AC_Milan_1064,2021-05-09,Fold 1,0,0.7807383592219521
2021-05-12_Juventus_Sassuolo_1065,2021-05-12,Fold 1,1,0.7720166301523624
2021-05-15_Juventus_Inter_Milan_1066,2021-05-15,Fold 1,1,0.7826059704526783
2021-05-19_Juventus_Atalanta_1067,2021-05-19,Fold 1,0,0.7636243169323079
2021-06-04_Portugal_Spain_1068,2021-06-04,Fold 1,0,0.7456856930141037
2021-06-09_Portugal_Israel_1069,2021-06-09,Fold 1,1,0.7385069091238512
2021-06-15_Portugal_Hungary_1070,2021-06-15,Fold 1,2,0.7614737610973064
2021-06-19_Portugal_Germany_1071,2021-06-19,Fold 1,1,0.7512564481575046
2021-06-23_Portugal_France_1072,2021-06-23,Fold 1,2,0.7617747753669636
2021-06-27_Portugal_Belgium_1073,2021-06-27,Fold 1,0,0.7987698554033824
2021-08-22_Juventus_Udinese_1074,2021-08-22,Fold 2,0,0.7702691982870179
2021-09-01_Portugal_Republic_of_Ireland_1075,2021-09-01,Fold 2,2,0.7383693809439257
2021-09-11_Manchester_United_Newcastle_United_1076,2021-09-11,Fold 2,2,0.7885933691575421
2021-09-14_Manchester_United_BSC_Young_Boys_1077,2021-09-14,Fold 2,1,0.7694213951881025
2021-09-19_Manchester_United_West_Ham_United_1078,2021-09-19,Fold 2,1,0.7783689263349741
2021-09-25_Manchester_United_Aston_Villa_1079,2021-09-25,Fold 2,0,0.8058900328371731
2021-09-29_Manchester_United_Villarreal_1080,2021-09-29,Fold 2,1,0.7771951992660184
2021-10-02_Manchester_United_Everton_1081,2021-10-02,Fold 2,0,0.7858966094961299
2021-10-09_Portugal_Qatar_1082,2021-10-09,Fold 2,1,0.73850457399212
2021-10-12_Portugal_Luxembourg_1083,2021-10-12,Fold 2,3,0.7821279461301301
2021-10-16_Manchester_United_Leicester_City_1084,2021-10-16,Fold 2,0,0.7674471433383571
2021-10-20_Manchester_United_Atalanta_1085,2021-10-20,Fold 2,1,0.776104239034799
2021-10-24_Manchester_United_Liverpool_1086,2021-10-24,Fold 2,0,0.7754729055695483
2021-10-30_Manchester_United_Tottenham_Hotspur_1087,2021-10-30,Fold 2,1,0.7704957374968467
2021-11-02_Manchester_United_Atalanta_1088,2021-11-02,Fold 2,2,0.7755180806432584
2021-11-06_Manchester_United_Manchester_City_1089,2021-11-06,Fold 2,0,0.7836575604077982
2021-11-11_Portugal_Republic_of_Ireland_1090,2021-11-11,Fold 2,0,0.766224287151206
2021-11-14_Portugal_Serbia_1091,2021-11-14,Fold 2,0,0.7570000177843949
2021-11-20_Manchester_United_Watford_1092,2021-11-20,Fold 2,0,0.7632110156869654
2021-11-23_Manchester_United_Villarreal_1093,2021-11-23,Fold 2,1,0.7526872315652834
2021-11-28_Manchester_United_Chelsea_1094,2021-11-28,Fold 2,0,0.7376750554162842
2021-12-02_Manchester_United_Arsenal_1095,2021-12-02,Fold 2,2,0.7523060163331515
2021-12-05_Manchester_United_Crystal_Palace_1096,2021-12-05,Fold 2,0,0.7510544229446838
2021-12-11_Manchester_United_Norwich_City_1097,2021-12-11,Fold 2,1,0.7459041701705977
2021-12-27_Manchester_United_Newcastle_United_1098,2021-12-27,Fold 2,0,0.7746918860401543
2021-12-30_Manchester_United_Burnley_1099,2021-12-30,Fold 2,1,0.7363709285323143
2022-01-03_Manchester_United_Wolverhampton_Wanderers_1100,2022-01-03,Fold 2,0,0.7544763051638441
2022-01-19_Manchester_United_Brentford_1101,2022-01-19,Fold 2,0,0.7278027368133234
2022-01-22_Manchester_United_West_Ham_United_1102,2022-01-22,Fold 2,0,0.758556762947072
2022-02-04_Manchester_United_Middlesbrough_1103,2022-02-04,Fold 2,0,0.7434152903095048
2022-02-08_Manchester_United_Burnley_1104,2022-02-08,Fold 2,0,0.7456355137045902
2022-02-12_Manchester_United_Southampton_1105,2022-02-12,Fold 2,0,0.742825872995336
2022-02-15_Manchester_United_Brighton_1106,2022-02-15,Fold 2,1,0.7196452070077685
2022-02-20_Manchester_United_Leeds_United_1107,2022-02-20,Fold 2,0,0.7338317655304244
2022-02-23_Manchester_United_Atletico_Madrid_1108,2022-02-23,Fold 2,0,0.7458980636693645
2022-02-26_Manchester_United_Watford_1109,2022-02-26,Fold 2,0,0.7488923475878215
2022-03-12_Manchester_United_Tottenham_Hotspur_1110,2022-03-12,Fold 2,3,0.7467619767215403
2022-03-15_Manchester_United_Atletico_Madrid_1111,2022-03-15,Fold 2,0,0.7629142906545344
2022-03-24_Portugal_Türkiye_1112,2022-03-24,Fold 2,0,0.7377999091848174
2022-03-29_Portugal_North_Macedonia_1113,2022-03-29,Fold 2,0,0.7312515064706204
2022-04-09_Manchester_United_Everton_1114,2022-04-09,Fold 2,0,0.7435080111839696
2022-04-16_Manchester_United_Norwich_City_1115,2022-04-16,Fold 2,3,0.7354112654923792
2022-04-23_Manchester_United_Arsenal_1116,2022-04-23,Fold 2,1,0.7554172574545519
2022-04-28_Manchester_United_Chelsea_1117,2022-04-28,Fold 2,1,0.7487316920342554
2022-05-02_Manchester_United_Brentford_1118,2022-05-02,Fold 2,1,0.7616124265178182
2022-05-07_Manchester_United_Brighton_1119,2022-05-07,Fold 2,0,0.7712188641973896
2022-06-02_Portugal_Spain_1120,2022-06-02,Fold 2,0,0.7448788431591541
2022-06-05_Portugal_Switzerland_1121,2022-06-05,Fold 2,2,0.7549619129105233
2022-06-09_Portugal_Czech_Republic_1122,2022-06-09,Fold 2,0,0.77149903652034
2022-08-07_Manchester_United_Brighton_1123,2022-08-07,Fold 2,0,0.7391364114955244
2022-08-13_Manchester_United_Brentford_1124,2022-08-13,Fold 2,0,0.7376879692421074
2022-08-22_Manchester_United_Liverpool_1125,2022-08-22,Fold 2,0,0.7320117623048564
2022-08-27_Manchester_United_Southampton_1126,2022-08-27,Fold 2,0,0.7296481746684256
2022-09-01_Manchester_United_Leicester_City_1127,2022-09-01,Fold 2,0,0.7146662150242145
2022-09-04_Manchester_United_Arsenal_1128,2022-09-04,Fold 2,0,0.7325922435224302
2022-09-08_Manchester_United_Real_Sociedad_1129,2022-09-08,Fold 2,0,0.7348959110343709
2022-09-15_Manchester_United_Sheriff_Tiraspol_1130,2022-09-15,Fold 2,1,0.6933428642392482
2022-09-24_Portugal_Czech_Republic_1131,2022-09-24,Fold 2,0,0.7396607469973966
2022-09-27_Portugal_Spain_1132,2022-09-27,Fold 2,0,0.7296830194643941
2022-10-06_Manchester_United_Omonia_Nicosia_1133,2022-10-06,Fold 2,0,0.7029152352140662
2022-10-09_Manchester_United_Everton_1134,2022-10-09,Fold 2,1,0.733988570031428
2022-10-13_Manchester_United_Omonia_Nicosia_1135,2022-10-13,Fold 2,0,0.7371333782431108
2022-10-16_Manchester_United_Newcastle_United_1136,2022-10-16,Fold 2,0,0.7605125376555708
2022-10-27_Manchester_United_Sheriff_Tiraspol_1137,2022-10-27,Fold 2,1,0.7375825291265271
2022-10-30_Manchester_United_West_Ham_United_1138,2022-10-30,Fold 2,0,0.7530615188478579
2022-11-03_Manchester_United_Real_Sociedad_1139,2022-11-03,Fold 2,0,0.7373629063453948
2022-11-06_Manchester_United_Aston_Villa_1140,2022-11-06,Fold 2,0,0.7551497099126074
2022-11-24_Portugal_Ghana_1141,2022-11-24,Fold 2,1,0.7365286390902
2022-11-28_Portugal_Uruguay_1142,2022-11-28,Fold 2,0,0.7290315156381171
2022-12-02_Portugal_South_Korea_1143,2022-12-02,Fold 2,0,0.7169194481664088
2022-12-06_Portugal_Switzerland_1144,2022-12-06,Fold 2,0,0.7525973034690243
2022-12-10_Portugal_Morocco_1145,2022-12-10,Fold 2,0,0.7322459275534176
2023-01-22_Al-Nassr_Al-Ettifaq_1146,2023-01-22,Fold 3,0,0.636874231036267
2023-01-26_Al-Nassr_Al-Ittihad_FC_1147,2023-01-26,Fold 3,0,0.6445673194059932
2023-02-03_Al-Nassr_Al-Fateh_1148,2023-02-03,Fold 3,1,0.644517991341322
2023-02-09_Al-Nassr_Al_Wehda_Club_1149,2023-02-09,Fold 3,4,0.664323386564765
2023-02-17_Al-Nassr_Al_Taawon_1150,2023-02-17,Fold 3,0,0.7088702124090036
2023-02-25_Al-Nassr_Dhamk_1151,2023-02-25,Fold 3,3,0.7024720818065947
2023-03-03_Al-Nassr_Al_Baten_1152,2023-03-03,Fold 3,0,0.7295531297657022
2023-03-09_Al-Nassr_Al-Ittihad_FC_1153,2023-03-09,Fold 3,0,0.7179853541007043
2023-03-14_Al-Nassr_Abha_1154,2023-03-14,Fold 3,0,0.703305768248066
2023-03-18_Al-Nassr_Abha_1155,2023-03-18,Fold 3,1,0.7166373919016578
2023-03-23_Portugal_Liechtenstein_1156,2023-03-23,Fold 3,2,0.7283449842993069
2023-03-26_Portugal_Luxembourg_1157,2023-03-26,Fold 3,2,0.7611820814188296
2023-04-04_Al-Nassr_Al-Adalah_1158,2023-04-04,Fold 3,2,0.724922343220112
2023-04-09_Al-Nassr_Al-Fayha_1159,2023-04-09,Fold 3,0,0.7370179439537812
2023-04-18_Al-Nassr_Al-Hilal_1160,2023-04-18,Fold 3,0,0.7212393127220778
2023-04-24_Al-Nassr_Al_Wehda_Club_1161,2023-04-24,Fold 3,0,0.7479059098901278
2023-04-28_Al-Nassr_Al-Raed_1162,2023-04-28,Fold 3,1,0.7026629627078229
2023-05-08_Al-Nassr_Al_Khaleej_Saihat_1163,2023-05-08,Fold 3,0,0.7083845254037608
2023-05-16_Al-Nassr_Al_Taee_1164,2023-05-16,Fold 3,1,0.6948017926372043
2023-05-23_Al-Nassr_Al_Shabab_1165,2023-05-23,Fold 3,1,0.7081766876997939
2023-05-27_Al-Nassr_Al-Ettifaq_1166,2023-05-27,Fold 3,0,0.7210677341211559
2023-06-17_Portugal_Bosnia_&_Herzegovina_1167,2023-06-17,Fold 3,0,0.7372688046141292
2023-06-20_Portugal_Iceland_1168,2023-06-20,Fold 3,1,0.7264003353918166
2023-07-28_Al-Nassr_Al_Shabab_1169,2023-07-28,Fold 3,0,0.7125528513444542
2023-07-31_Al-Nassr_US_Monastirienne_1170,2023-07-31,Fold 3,1,0.6807069760214718
2023-08-03_Al-Nassr_Zamalek_SC_1171,2023-08-03,Fold 3,1,0.6878862509355093
2023-08-06_Al-Nassr_Raja_Casablanca_1172,2023-08-06,Fold 3,1,0.6996513154098964
2023-08-09_Al-Nassr_Al_Shorta_1173,2023-08-09,Fold 3,1,0.7060695309387592
2023-08-12_Al-Nassr_Al-Hilal_1174,2023-08-12,Fold 3,2,0.7096987645366217
2023-08-18_Al-Nassr_Al_Taawon_1175,2023-08-18,Fold 3,0,0.7438027281414626
2023-08-22_Al-Nassr_Shabab_Al_Ahli_Dubai_1176,2023-08-22,Fold 3,0,0.7113000289257325
2023-08-25_Al-Nassr_Al-Fateh_1177,2023-08-25,Fold 3,3,0.7285666181195575
2023-08-29_Al-Nassr_Al_Shabab_1178,2023-08-29,Fold 3,2,0.750471917532427
2023-09-02_Al-Nassr_Al-Hazm_1179,2023-09-02,Fold 3,1,0.7434642125308156
2023-09-08_Portugal_Slovakia_1180,2023-09-08,Fold 3,0,0.7672894498520104
2023-09-16_Al-Nassr_Al-Raed_1181,2023-09-16,Fold 3,1,0.7657406492137075
2023-09-19_Al-Nassr_Persepolis_FC_1182,2023-09-19,Fold 3,0,0.7371217455316361
2023-09-22_Al-Nassr_Al-Ahli_Jeddah_1183,2023-09-22,Fold 3,2,0.7393637210336086
2023-09-29_Al-Nassr_Al_Taee_1184,2023-09-29,Fold 3,1,0.7645526891180124
2023-10-02_Al-Nassr_Istiqlol_1185,2023-10-02,Fold 3,1,0.7388733924328883
2023-10-06_Al-Nassr_Abha_1186,2023-10-06,Fold 3,0,0.77229298044887
2023-10-13_Portugal_Slovakia_1187,2023-10-13,Fold 3,2,0.7579057020252484
2023-10-16_Portugal_Bosnia_&_Herzegovina_1188,2023-10-16,Fold 3,2,0.7653667027892389
2023-10-21_Al-Nassr_Damac_1189,2023-10-21,Fold 3,1,0.7537480178608293
2023-10-24_Al-Nassr_Al-Duhail_SC_1190,2023-10-24,Fold 3,2,0.7485499828485339
2023-10-28_Al-Nassr_Al-Fayha_1191,2023-10-28,Fold 3,0,0.7612870484580243
2023-10-31_Al-Nassr_Al-Ettifaq_1192,2023-10-31,Fold 3,0,0.7591860187191982
2023-11-04_Al-Nassr_Al_Khaleej_Saihat_1193,2023-11-04,Fold 3,1,0.7566923136627329
2023-11-11_Al-Nassr_Al_Wehda_Club_1194,2023-11-11,Fold 3,1,0.7689868119673221
2023-11-16_Portugal_Liechtenstein_1195,2023-11-16,Fold 3,1,0.765022922181379
2023-11-19_Portugal_Iceland_1196,2023-11-19,Fold 3,0,0.7716018080222551
2023-11-24_Al-Nassr_Al_Okhdood_1197,2023-11-24,Fold 3,2,0.7499269154349962
2023-11-27_Al-Nassr_Persepolis_FC_1198,2023-11-27,Fold 3,0,0.7647778322145068
2023-12-01_Al-Nassr_Al-Hilal_1199,2023-12-01,Fold 3,0,0.74936982625205
2023-12-08_Al-Nassr_Al_Riyadh_1200,2023-12-08,Fold 3,1,0.7309630180593069
2023-12-11_Al-Nassr_Al_Shabab_1201,2023-12-11,Fold 3,1,0.7436404001320083
2023-12-22_Al-Nassr_Al-Ettifaq_1202,2023-12-22,Fold 3,1,0.7494389671924236
2023-12-26_Al-Nassr_Al-Ittihad_FC_1203,2023-12-26,Fold 3,2,0.7402206027030299
2023-12-30_Al-Nassr_Al_Taawon_1204,2023-12-30,Fold 3,1,0.7589716148431914
2024-02-14_Al-Nassr_Al-Fayha_1205,2024-02-14,Fold 4,1,0.7605819042749146
2024-02-17_Al-Nassr_Al-Fateh_1206,2024-02-17,Fold 4,1,0.7958730561579134
2024-02-21_Al-Nassr_Al-Fayha_1207,2024-02-21,Fold 4,1,0.7774756762463068
2024-02-25_Al-Nassr_Al_Shabab_1208,2024-02-25,Fold 4,1,0.7856207992469308
2024-03-04_Al-Nassr_Al_Ain_1209,2024-03-04,Fold 4,0,0.7585985155022232
2024-03-07_Al-Nassr_Al-Raed_1210,2024-03-07,Fold 4,0,0.7802919688062205
2024-03-11_Al-Nassr_Al_Ain_1211,2024-03-11,Fold 4,1,0.7402669417113547
2024-03-15_Al-Nassr_Al-Ahli_Jeddah_1212,2024-03-15,Fold 4,1,0.7742617138338956
2024-03-26_Portugal_Slovenia_1213,2024-03-26,Fold 4,0,0.7401342191032154
2024-03-30_Al-Nassr_Al_Taee_1214,2024-03-30,Fold 4,3,0.7656726063513354
2024-04-02_Al-Nassr_Abha_1215,2024-04-02,Fold 4,3,0.7695659705964553
2024-04-05_Al-Nassr_Damac_1216,2024-04-05,Fold 4,0,0.7955418804433957
2024-04-08_Al-Nassr_Al-Hilal_1217,2024-04-08,Fold 4,0,0.7650365767568263
2024-04-27_Al-Nassr_Al_Khaleej_Saihat_1218,2024-04-27,Fold 4,0,0.7608439040325211
2024-05-01_Al-Nassr_Al_Khaleej_Saihat_1219,2024-05-01,Fold 4,2,0.7529345958173046
2024-05-04_Al-Nassr_Al_Wehda_Club_1220,2024-05-04,Fold 4,3,0.7832453617190456
2024-05-09_Al-Nassr_Al_Okhdood_1221,2024-05-09,Fold 4,1,0.7913263777157519
2024-05-17_Al-Nassr_Al-Hilal_1222,2024-05-17,Fold 4,0,0.7806600169865008
2024-05-23_Al-Nassr_Al_Riyadh_1223,2024-05-23,Fold 4,0,0.785298553717364
2024-05-27_Al-Nassr_Al-Ittihad_FC_1224,2024-05-27,Fold 4,2,0.7726069699319393
2024-05-31_Al-Nassr_Al-Hilal_1225,2024-05-31,Fold 4,0,0.7609282126280971
2024-06-11_Portugal_Republic_of_Ireland_1226,2024-06-11,Fold 4,2,0.7517473206766688
2024-06-18_Portugal_Czech_Republic_1227,2024-06-18,Fold 4,0,0.7739337948753487
2024-06-22_Portugal_Türkiye_1228,2024-06-22,Fold 4,0,0.7526090299906117
2024-06-26_Portugal_Georgia_1229,2024-06-26,Fold 4,0,0.7550503295978441
2024-07-01_Portugal_Slovenia_1230,2024-07-01,Fold 4,0,0.7348058411852572
2024-07-05_Portugal_France_1231,2024-07-05,Fold 4,0,0.7339217184321402
2024-08-14_Al-Nassr_Al_Taawon_1232,2024-08-14,Fold 4,1,0.711211713918683
2024-08-17_Al-Nassr_Al-Hilal_1233,2024-08-17,Fold 4,1,0.73149812326382
2024-08-22_Al-Nassr_Al-Raed_1234,2024-08-22,Fold 4,1,0.7597092915360235
2024-08-27_Al-Nassr_Al-Fayha_1235,2024-08-27,Fold 4,1,0.7544992221338338
2024-09-05_Portugal_Croatia_1236,2024-09-05,Fold 4,1,0.7526868373329291
2024-09-08_Portugal_Scotland_1237,2024-09-08,Fold 4,1,0.7396820663871803
2024-09-13_Al-Nassr_Al-Ahli_Jeddah_1238,2024-09-13,Fold 4,0,0.7782111431939241
2024-09-20_Al-Nassr_Al-Ettifaq_1239,2024-09-20,Fold 4,1,0.7516169758355431
2024-09-27_Al-Nassr_Al_Wehda_Club_1240,2024-09-27,Fold 4,1,0.7735800632146869
2024-09-30_Al-Nassr_Al-Rayyan_SC_1241,2024-09-30,Fold 4,1,0.7386457673388576
2024-10-05_Al-Nassr_Al_Orubah_1242,2024-10-05,Fold 4,1,0.7544453043546617
2024-10-12_Portugal_Poland_1243,2024-10-12,Fold 4,1,0.743110288023036
2024-10-15_Portugal_Scotland_1244,2024-10-15,Fold 4,0,0.7637776224668572
2024-10-18_Al-Nassr_Al_Shabab_1245,2024-10-18,Fold 4,1,0.7718310687716755
2024-10-22_Al-Nassr_Esteghlal_FC_1246,2024-10-22,Fold 4,0,0.7469877247205973
2024-10-29_Al-Nassr_Al_Taawon_1247,2024-10-29,Fold 4,0,0.7549386303053007
2024-11-01_Al-Nassr_Al-Hilal_1248,2024-11-01,Fold 4,0,0.7410039225445204
2024-11-05_Al-Nassr_Al_Ain_1249,2024-11-05,Fold 4,1,0.735086459157638
2024-11-08_Al-Nassr_Al_Riyadh_1250,2024-11-08,Fold 4,0,0.7493349712740961
2024-11-15_Portugal_Poland_1251,2024-11-15,Fold 4,2,0.7328085170023826
2024-11-22_Al-Nassr_Al-Qadisiyah_FC_1252,2024-11-22,Fold 4,1,0.7449024886014329
2024-11-25_Al-Nassr_Al-Gharafa_1253,2024-11-25,Fold 4,2,0.7359513995155227
2024-11-29_Al-Nassr_Damac_1254,2024-11-29,Fold 4,2,0.774184966264473
2024-12-06_Al-Nassr_Al-Ittihad_FC_1255,2024-12-06,Fold 4,1,0.7778577672340992
